Run,serotype,antigen_formula,target_acc,biosample_acc,asm_acc,scientific_name
SRR30131572,,,PDT002291799.1,SAMN43035878,GCA_041058405.1,Acinetobacter baumannii
SRR19369805,,,PDT001325751.1,SAMN28158591,GCA_023773555.1,Acinetobacter baumannii
,,,PDT001874307.1,SAMN37160975,GCA_031158595.1,Acinetobacter baumannii
,,,PDT000359928.1,SAMN06460856,GCA_003356685.1,Acinetobacter baumannii
SRR14613704,,,PDT001044805.3,SAMN19298810,GCA_018453885.3,Acinetobacter baumannii
SRR14634862,,,PDT001046084.3,SAMN19317565,GCA_018495075.3,Acinetobacter baumannii
SRR15377057,,,PDT001106496.3,SAMN20674975,GCA_019506225.3,Acinetobacter baumannii
,,,PDT001218566.1,SAMN19523611,GCA_021385315.1,Acinetobacter baumannii
,,,PDT000837100.1,SAMN15915108,GCA_014531335.1,Acinetobacter baumannii
ERR10708863,,,PDT001873280.1,SAMEA112187645,GCA_031183375.1,Acinetobacter baumannii
,,,PDT002247471.1,SAMN38108010,GCA_040599525.1,Acinetobacter baumannii
,,,PDT001292344.1,SAMN20599408,GCA_023001145.1,Acinetobacter baumannii
SRR16474313,,,PDT001156989.9,SAMN22374273,GCA_020559685.3,Acinetobacter baumannii
,,,PDT000094628.1,SAMN04211921,GCA_001441475.1,Acinetobacter baumannii
SRR28706149,,,PDT002139499.1,SAMN40983121,GCA_038302495.1,Acinetobacter baumannii
SRR14862521,,,PDT001135588.1,SAMN19774614,GCA_020108375.1,Acinetobacter baumannii
SRR12519165,,,PDT000821577.3,SAMN15907099,GCA_016483855.3,Acinetobacter baumannii
,,,PDT000023622.1,SAMN02404525,GCA_000584755.1,Acinetobacter baumannii 1482820
SRR28462996,,,PDT002123028.1,SAMN40621172,GCA_037667435.1,Acinetobacter baumannii
,,,PDT002125174.1,SAMN40560150,GCA_037724785.1,Acinetobacter baumannii
SRR12519175,,,PDT000821587.3,SAMN15907214,GCA_016482995.3,Acinetobacter baumannii
,,,PDT002247274.1,SAMN38755912,GCA_040595685.1,Acinetobacter baumannii
SRR22257081,,,PDT001483309.3,SAMN31684554,GCA_026137805.3,Acinetobacter baumannii
,,,PDT001866876.1,SAMN12287030,GCA_030928705.1,Acinetobacter baumannii
SRR16520637,,,PDT001159233.3,SAMN22334954,GCA_020575825.3,Acinetobacter baumannii
SRR16610125,,,PDT001164006.1,SAMN22568388,GCA_020679085.1,Acinetobacter baumannii
,,,PDT000359912.1,SAMN06460872,GCA_003356365.1,Acinetobacter baumannii
SRR3228490,,,PDT000114677.2,SAMN04555302,GCA_016521335.2,Acinetobacter baumannii
,,,PDT000354421.1,SAMEA104305314,GCA_900495925.1,Acinetobacter baumannii
,,,PDT001974647.1,SAMN38031123,GCA_033446465.1,Acinetobacter baumannii
SRR24216226,,,PDT001694471.3,SAMN34251286,GCA_031137575.2,Acinetobacter baumannii
SRR20017241,,,PDT001354248.3,SAMN29577039,GCA_024187695.3,Acinetobacter baumannii
SRR30251496,,,PDT002323244.1,SAMN43202078,GCA_041297435.1,Acinetobacter baumannii
SRR24163227,,,PDT001689501.3,SAMN34174931,GCA_029735915.3,Acinetobacter baumannii
SRR21995855,,,PDT001465470.1,SAMN28991075,GCA_025852475.1,Acinetobacter baumannii
SRR16610186,,,PDT001164067.3,SAMN22568452,GCA_020677445.3,Acinetobacter baumannii
,,,PDT000605708.1,SAMD00174788,GCA_008978925.1,Acinetobacter baumannii
SRR27305633,,,PDT002036916.1,SAMN38982042,GCA_034575715.1,Acinetobacter baumannii
,,,PDT000679367.1,SAMN13943303,GCA_010179395.1,Acinetobacter baumannii
SRR29589302,,,PDT002231918.1,SAMN42035127,GCA_040361115.1,Acinetobacter baumannii
,,,PDT001292350.1,SAMN20599401,GCA_023001255.1,Acinetobacter baumannii
,,,PDT000156242.1,SAMN04745455,GCA_001864755.1,Acinetobacter baumannii
SRR23232353,,,PDT001591648.2,SAMN32818023,GCA_028175185.2,Acinetobacter baumannii
SRR25005501,,,PDT001787710.2,SAMN35877951,GCA_031115315.2,Acinetobacter baumannii
SRR17311706,,,PDT001210566.3,SAMN24300547,GCA_021305515.3,Acinetobacter baumannii
SRR22285612,,,PDT001495983.1,SAMN31716264,GCA_026329935.1,Acinetobacter baumannii
SRR17304958,,,PDT001383187.1,SAMN24294125,GCA_024617265.1,Acinetobacter baumannii
SRR25241268,,,PDT001816269.1,SAMN36409134,GCA_031110145.1,Acinetobacter baumannii
,,,PDT000605896.1,SAMD00174977,GCA_008990745.1,Acinetobacter baumannii
,,,PDT002029811.1,SAMN38375534,GCA_034365745.1,Acinetobacter baumannii
SRR13228369,,,PDT000907972.3,SAMN17019569,GCA_028064855.3,Acinetobacter baumannii
SRR14154237,,,PDT001001319.3,SAMN18636592,GCA_017831295.3,Acinetobacter baumannii
SRR28397392,,,PDT002118569.1,SAMN40554624,GCA_037434385.1,Acinetobacter baumannii
,,,PDT001006888.1,SAMN16659810,GCA_017952625.1,Acinetobacter baumannii
SRR28539043,,,PDT002130230.1,SAMN40738132,GCA_037956945.1,Acinetobacter baumannii
,,,PDT000300606.2,SAMN08637738,GCA_003020405.2,Acinetobacter baumannii
,,,PDT000257788.1,SAMN07311775,GCA_002634345.1,Acinetobacter baumannii
SRR22455796,,,PDT001506245.1,SAMN31900694,GCA_026558575.1,Acinetobacter baumannii
,,,PDT000309511.1,SAMN08123206,GCA_003070915.1,Acinetobacter baumannii
SRR14634814,,,PDT001046036.4,SAMN19317609,GCA_018496175.3,Acinetobacter baumannii
,,,PDT000417649.1,SAMN10249089,GCA_003940135.1,Acinetobacter baumannii
SRR22455554,,,PDT001506003.1,SAMN31900740,GCA_026563415.1,Acinetobacter baumannii
,,,PDT001218668.1,SAMN19523508,GCA_021387365.1,Acinetobacter baumannii
SRR19370218,,,PDT001325856.1,SAMN28613893,GCA_023776295.1,Acinetobacter baumannii
,,,PDT002045048.1,SAMN36721192,GCA_035022145.1,Acinetobacter baumannii
SRR24299716,,,PDT001706432.3,SAMN34367218,GCA_031136035.2,Acinetobacter baumannii
SRR29008062,,,PDT002163238.1,SAMN41382253,GCA_039625425.1,Acinetobacter baumannii
ERR1947045,,,PDT000424132.1,SAMEA25945918,GCA_016511915.1,Acinetobacter baumannii
SRR22285606,,,PDT001495979.1,SAMN31716256,GCA_026357475.1,Acinetobacter baumannii
,,,PDT001258909.1,SAMN25131653,GCA_022469075.1,Acinetobacter baumannii
DRR039784,,,PDT000173766.3,SAMD00034407,GCA_016514925.1,Acinetobacter baumannii
,,,PDT002045042.1,SAMN36721198,GCA_035022025.1,Acinetobacter baumannii
SRR27185920,,,PDT002025872.1,SAMN38788853,GCA_034330925.1,Acinetobacter baumannii
SRR3223170,,,PDT000113797.2,SAMN04547097,GCA_016527645.2,Acinetobacter baumannii
,,,PDT001471031.1,SAMN30898324,GCA_025854075.1,Acinetobacter baumannii
SRR26901990,,,PDT001994809.1,SAMN38348961,GCA_033878935.1,Acinetobacter baumannii
,,,PDT000605925.1,SAMD00175006,GCA_008993475.1,Acinetobacter pittii
,,,PDT001603079.1,SAMN29993202,GCA_028441655.1,Acinetobacter baumannii
SRR20651583,,,PDT001370966.3,SAMN29981197,GCA_024468295.3,Acinetobacter baumannii
,,,PDT000040164.1,SAMD00019516,GCA_000760435.1,Acinetobacter baumannii
,,,PDT001006724.1,SAMN16659961,GCA_017949315.1,Acinetobacter baumannii
SRR18114150,,,PDT001336360.1,SAMN26199131,GCA_024025015.1,Acinetobacter baumannii
SRR16893820,,,PDT001172770.3,SAMN23011916,GCA_020824135.3,Acinetobacter baumannii
,,,PDT001497873.1,SAMN31143275,GCA_026274125.1,Acinetobacter baumannii
,,,PDT000354299.1,SAMEA104305179,GCA_900494465.1,Acinetobacter baumannii
ERR10628357,,,PDT001585398.1,SAMEA112190428,GCA_028094795.1,Acinetobacter baumannii
SRR22329353,,,PDT001488223.3,SAMN31779619,GCA_026251615.3,Acinetobacter baumannii
,,,PDT001961326.1,SAMN37937840,GCA_033102155.1,Acinetobacter baumannii
,,,PDT001292545.1,SAMN26554005,GCA_023061315.1,Acinetobacter baumannii
SRR16820335,,,PDT001170300.3,SAMN22933782,GCA_020803175.3,Acinetobacter baumannii
SRR19370568,,,PDT001325921.1,SAMN28613930,GCA_023778295.1,Acinetobacter baumannii
,,,PDT002247507.1,SAMN38107974,GCA_040600255.1,Acinetobacter baumannii
,,,PDT002095321.1,SAMN39059584,GCA_036940455.1,Acinetobacter nosocomialis
SRR23558462,,,PDT001636276.3,SAMN33382418,GCA_028744645.3,Acinetobacter baumannii
,,,PDT000863710.1,SAMN16351060,GCA_014882995.1,Acinetobacter baumannii
,,,PDT002247217.1,SAMN38085036,GCA_040594425.1,Acinetobacter baumannii
SRR11589118,,,PDT000751249.1,SAMN14669849,GCA_016487705.1,Acinetobacter baumannii
SRR22455824,,,PDT001506273.1,SAMN31900420,GCA_026557795.1,Acinetobacter baumannii
SRR3225240,,,PDT000114339.2,SAMN04550114,GCA_016523095.2,Acinetobacter baumannii
SRR13965543,,,PDT000985296.3,SAMN18313899,GCA_017362225.3,Acinetobacter baumannii
SRR10276620,,,PDT000725044.1,SAMN13028175,GCA_016496425.1,Acinetobacter baumannii
,,,PDT000046216.1,SAMN03080634,GCA_000802905.1,Acinetobacter nosocomialis
SRR11725323,,,PDT000733294.3,SAMN14792012,GCA_016489025.3,Acinetobacter baumannii
SRR24622543,,,PDT001738994.2,SAMN35139535,GCA_031152335.2,Acinetobacter baumannii
SRR26499471,,,PDT001953060.2,SAMN37946733,GCA_033028405.2,Acinetobacter baumannii
,,,PDT002236317.1,SAMN41934958,GCA_040426995.1,Acinetobacter baumannii
,,,PDT001820017.1,SAMN36317559,GCA_030484125.1,Acinetobacter baumannii
,,,PDT002100050.1,SAMN38442019,GCA_037028205.1,Acinetobacter pittii
,,,PDT001231328.1,SAMN24967604,GCA_021571215.1,Acinetobacter baumannii
SRR28330434,,,PDT001993127.2,SAMN38334926,GCA_033858435.2,Acinetobacter baumannii
SRR29268105,,,PDT002186437.1,SAMN41658134,GCA_040045315.1,Acinetobacter baumannii
SRR18215764,,,PDT001258032.3,SAMN26421046,GCA_022476915.3,Acinetobacter baumannii
SRR29705303,,,PDT002240071.1,SAMN42320923,GCA_040517275.1,Acinetobacter baumannii
ERR6132432,,,PDT001200290.1,SAMEA9273347,GCA_021326195.1,Acinetobacter baumannii
SRR27746008,,,PDT002064701.1,SAMN39623879,GCA_036239235.1,Acinetobacter baumannii
,,,PDT002317845.1,SAMN43033766,GCA_041205245.1,Acinetobacter baumannii
SRR28388856,,,PDT002117983.1,SAMN40545830,GCA_037527165.1,Acinetobacter baumannii
SRR26956682,,,PDT002008636.1,SAMN38450463,GCA_033970145.1,Acinetobacter baumannii
,,,PDT001231271.1,SAMN24967665,GCA_021570075.1,Acinetobacter baumannii
SRR3242050,,,PDT000115295.2,SAMN04568519,GCA_016519615.2,Acinetobacter baumannii
SRR26085731,,,PDT001956988.1,SAMN37355541,GCA_033136905.1,Acinetobacter baumannii
SRR17898050,,,PDT001241071.1,SAMN25688256,GCA_022017435.1,Acinetobacter baumannii
,,,PDT002261626.1,SAMN41055453,GCA_040786565.1,Acinetobacter baumannii
,,,PDT001014742.1,SAMN18790620,GCA_018139245.1,Acinetobacter nosocomialis
SRR23652608,,,PDT001648398.3,SAMN33193741,GCA_028906245.3,Acinetobacter baumannii
SRR16359912,,,PDT001151690.3,SAMN22333900,GCA_020519885.3,Acinetobacter baumannii
SRR23995249,,,PDT001674155.3,SAMN33955003,GCA_029481825.3,Acinetobacter baumannii
SRR24995020,,,PDT001787023.2,SAMN35842605,GCA_031115755.2,Acinetobacter baumannii
SRR22455641,,,PDT001506090.1,SAMN31900123,GCA_026561675.1,Acinetobacter baumannii
SRR18115372,,,PDT001253779.3,SAMN26199872,GCA_022383135.3,Acinetobacter baumannii
,,,PDT000191287.1,SAMN06117786,GCA_002017415.1,Acinetobacter baumannii
,,,PDT001312766.1,SAMN27298909,GCA_023498955.1,Acinetobacter baumannii
SRR26754972,,,PDT002064916.1,SAMN38180885,GCA_036621945.1,Acinetobacter baumannii
,,,PDT002059695.1,SAMEA114009921,GCA_958319255.1,Acinetobacter baumannii
,,,PDT000945263.2,SAMEA7451227,GCA_904886895.1,Acinetobacter baumannii
SRR3170589,,,PDT000107099.2,SAMN04488270,GCA_016536395.2,Acinetobacter baumannii
SRR26956681,,,PDT002008635.1,SAMN38450472,GCA_033970285.1,Acinetobacter baumannii
SRR7370247,,,PDT000662385.1,SAMN09453123,GCA_016497385.1,Acinetobacter baumannii
SRR30546667,,,PDT002364320.1,SAMN43499080,GCA_041767655.1,Acinetobacter baumannii
,,,PDT001065572.1,SAMN19493885,GCA_018788735.1,Acinetobacter baumannii
SRR25665022,,,PDT001854252.2,SAMN37032693,GCA_031098985.2,Acinetobacter baumannii
SRR14852249,,,PDT001135260.1,SAMN19762755,GCA_020106035.1,Acinetobacter baumannii
SRR16292932,,,PDT001148879.3,SAMN22216719,GCA_020464365.3,Acinetobacter baumannii
,,,PDT001278525.1,SAMN16869264,GCA_022816785.1,Acinetobacter baumannii
,,,PDT000418805.1,SAMN10261601,GCA_003949175.1,Acinetobacter baumannii
SRR3222489,,,PDT000113690.2,SAMN04546721,GCA_016528215.2,Acinetobacter baumannii
,,,PDT000212820.1,SAMN06246916,GCA_002154155.1,Acinetobacter baumannii
,,,PDT000468075.1,SAMN08031305,GCA_004209335.1,Acinetobacter pittii
DRR039848,,,PDT000173830.2,SAMD00034471,GCA_016517175.2,Acinetobacter baumannii
SRR27411058,,,PDT002046057.1,SAMN39244260,GCA_035077945.1,Acinetobacter baumannii
SRR24163271,,,PDT001689426.3,SAMN34174947,GCA_029737135.3,Acinetobacter baumannii
,,,PDT000606172.1,SAMD00175248,GCA_009013135.1,Acinetobacter baumannii
SRR27177281,,,PDT002024658.1,SAMN38764175,GCA_034301775.1,Acinetobacter baumannii
SRR21883615,,,PDT001469763.1,SAMN31262557,GCA_025896855.1,Acinetobacter baumannii
,,,PDT000978799.1,SAMN18062980,GCA_017161985.1,Acinetobacter pittii
SRR23927912,,,PDT001664907.3,SAMN33841107,GCA_029328415.3,Acinetobacter baumannii
SRR14852493,,,PDT001135504.1,SAMN19762536,GCA_020101955.1,Acinetobacter baumannii
,,,PDT000216832.1,SAMN06461858,GCA_002183245.1,Acinetobacter baumannii
SRR14436856,,,PDT001019412.3,SAMN19026458,GCA_018286015.3,Acinetobacter baumannii
,,,PDT001280209.1,SAMN26876074,GCA_022685185.2,Acinetobacter baumannii
SRR27176773,,,PDT002024181.1,SAMN38764189,GCA_034310865.1,Acinetobacter baumannii
SRR14154254,,,PDT001001336.3,SAMN18636548,GCA_017831255.3,Acinetobacter baumannii
SRR16952055,,,PDT001175563.1,SAMN23168010,GCA_020955395.1,Acinetobacter baumannii
SRR20755235,,,PDT001377752.3,SAMN30109927,GCA_024560205.3,Acinetobacter baumannii
SRR22998652,,,PDT001566679.3,SAMN32616113,GCA_027772425.3,Acinetobacter baumannii
SRR17250655,,,PDT001204948.3,SAMN24145064,GCA_021222305.3,Acinetobacter baumannii
,,,PDT000546333.1,SAMN10618169,GCA_007113875.1,Acinetobacter baumannii
,,,PDT000418767.1,SAMN10261596,GCA_003948415.1,Acinetobacter baumannii
SRR17577001,,,PDT001221566.1,SAMN24519859,GCA_021449805.1,Acinetobacter baumannii
,,,PDT000729677.1,SAMN14410111,GCA_012935145.1,Acinetobacter baumannii
SRR27018829,,,PDT002013318.1,SAMN38572277,GCA_034049035.1,Acinetobacter baumannii
SRR17611309,,,PDT001222642.3,SAMN24965776,GCA_021470725.3,Acinetobacter baumannii
,,,PDT000418735.1,SAMN10261635,GCA_003947695.1,Acinetobacter pittii
SRR16610070,,,PDT001163954.3,SAMN22568406,GCA_020678745.3,Acinetobacter baumannii
,,,PDT001771530.1,SAMN33431011,GCA_030193295.1,Acinetobacter baumannii
SRR19691738,,,PDT001330359.3,SAMN29151479,GCA_024108355.3,Acinetobacter baumannii
,,,PDT002008138.1,SAMN38315715,GCA_033952265.1,Acinetobacter pittii
,,,PDT000605924.1,SAMD00175005,GCA_008993355.1,Acinetobacter pittii
,,,PDT001974654.1,SAMN38031742,GCA_033446795.1,Acinetobacter baumannii
SRR18746999,,,PDT001510508.1,SAMN27570529,GCA_026650165.1,Acinetobacter baumannii
,,,PDT001009188.1,SAMN18511059,GCA_018067975.1,Acinetobacter baumannii
,,,PDT002159230.1,SAMN37878250,GCA_039568545.1,Acinetobacter baumannii
,,,PDT000354349.1,SAMEA104305232,GCA_900495215.1,Acinetobacter baumannii
,,,PDT001187415.1,SAMN23009100,GCA_020992215.1,Acinetobacter baumannii
SRR14852129,,,PDT001135140.1,SAMN19762863,GCA_020107855.1,Acinetobacter baumannii
SRR17304845,,,PDT001383074.1,SAMN24293957,GCA_024615965.1,Acinetobacter baumannii
,,,PDT002154449.1,SAMN41042569,GCA_039055055.1,Acinetobacter baumannii
,,,PDT001258889.2,SAMN25131673,GCA_022467375.2,Acinetobacter baumannii
SRR26086112,,,PDT001957369.1,SAMN37355236,GCA_033128925.1,Acinetobacter baumannii
SRR14852198,,,PDT001135209.1,SAMN19762800,GCA_020106935.1,Acinetobacter baumannii
SRR28781701,,,PDT002144867.1,SAMN41059523,GCA_038441615.1,Acinetobacter baumannii
SRR29294041,,,PDT002188941.1,SAMN41692610,GCA_040076935.1,Acinetobacter baumannii
SRR23106363,,,PDT001940660.1,SAMN32778082,GCA_032749995.1,Acinetobacter baumannii
,,,PDT001603091.1,SAMN29993189,GCA_028441905.1,Acinetobacter baumannii
,,,PDT000534420.1,SAMN12087705,GCA_006492795.1,Acinetobacter baumannii
,,,PDT001187402.1,SAMN23009118,GCA_020991955.1,Acinetobacter baumannii
,,,PDT001603243.1,SAMN29993036,GCA_028444935.1,Acinetobacter baumannii
ERR193648,,,PDT000663729.1,SAMEA2021518,GCA_016496865.1,Acinetobacter baumannii
SRR23210920,,,PDT001590621.3,SAMN32897447,GCA_028152455.3,Acinetobacter baumannii
SRR24324064,,,PDT001707459.3,SAMN34403773,GCA_031145905.2,Acinetobacter baumannii
SRR22455744,,,PDT001506193.1,SAMN31900542,GCA_026559695.1,Acinetobacter baumannii
SRR21091690,,,PDT001391238.3,SAMN30349894,GCA_024962565.3,Acinetobacter baumannii
,,,PDT001278504.1,SAMN16869285,GCA_022816365.1,Acinetobacter baumannii
SRR17762352,,,PDT001231499.3,SAMN25279854,GCA_021685615.3,Acinetobacter baumannii
SRR24745886,,,PDT001759438.2,SAMN35436757,GCA_031141585.2,Acinetobacter baumannii
SRR16506219,,,PDT001158056.5,SAMN22442201,GCA_020551525.3,Acinetobacter baumannii
SRR20715904,,,PDT001374659.3,SAMN30058051,GCA_024572315.3,Acinetobacter baumannii
DRR039873,,,PDT000173855.2,SAMD00034496,GCA_016516535.2,Acinetobacter baumannii
SRR25779294,,,PDT001867444.2,SAMN37184515,GCA_030982735.2,Acinetobacter baumannii
,,,PDT000945239.2,SAMEA7451174,GCA_904884475.1,Acinetobacter baumannii
ERR586922,,,PDT000441476.1,SAMEA2467201,GCA_016509495.1,Acinetobacter baumannii
SRR18825658,,,PDT001290939.3,SAMN27646522,GCA_023064135.3,Acinetobacter baumannii
SRR23362571,,,PDT001609359.3,SAMN33190963,GCA_028544235.3,Acinetobacter baumannii
,,,PDT001127694.1,SAMN14753147,GCA_019920215.1,Acinetobacter baumannii
,,,PDT000712199.1,SAMN14299632,GCA_011603245.1,Acinetobacter baumannii
ERR11554402,,,PDT001898881.1,SAMEA113597800,GCA_031876105.1,Acinetobacter baumannii
,,,PDT001000567.1,SAMN15636487,GCA_017693035.1,Acinetobacter nosocomialis
,,,PDT000605706.1,SAMD00174786,GCA_008978745.1,Acinetobacter baumannii
SRR11725229,,,PDT000733208.3,SAMN14792045,GCA_016490005.3,Acinetobacter baumannii
,,,PDT001488364.1,SAMN25159983,GCA_026194555.1,Acinetobacter baumannii
SRR24225063,,,PDT001695068.4,SAMN34263163,GCA_031142865.3,Acinetobacter baumannii
,,,PDT002072030.1,SAMN39603375,GCA_036350455.1,Acinetobacter baumannii
SRR24048978,,,PDT001677756.3,SAMN34051487,GCA_029557505.3,Acinetobacter baumannii
SRR20715887,,,PDT001374642.3,SAMN30058008,GCA_024574215.3,Acinetobacter baumannii
,,,PDT001610200.1,SAMN32546204,GCA_028549335.1,Acinetobacter baumannii
SRR12519166,,,PDT000821578.3,SAMN15907098,GCA_016483225.3,Acinetobacter baumannii
,,,PDT001231363.1,SAMN24967569,GCA_021571915.1,Acinetobacter baumannii
,,,PDT001888977.1,SAMN37341844,GCA_031581705.1,Acinetobacter baumannii
,,,PDT001382793.1,SAMN25087727,GCA_024589415.1,Acinetobacter baumannii
,,,PDT001187968.1,SAMN21245922,GCA_021019895.1,Acinetobacter baumannii
SRR27875356,,,PDT002072477.1,SAMN39832815,GCA_036412695.1,Acinetobacter baumannii
,,,PDT002154486.1,SAMN41042530,GCA_039057085.1,Acinetobacter baumannii
SRR28907206,,,PDT002156370.1,SAMN41231323,GCA_039545595.1,Acinetobacter baumannii
,,,PDT002098568.1,SAMN39661084,GCA_037008285.1,Acinetobacter baumannii
,,,PDT001382794.1,SAMN25087731,GCA_024589435.1,Acinetobacter baumannii
,,,PDT002392233.1,SAMN41934874,GCA_042140575.1,Acinetobacter baumannii
,,,PDT002247248.1,SAMN38085004,GCA_040595135.1,Acinetobacter baumannii
,,,PDT000156218.1,SAMN04745424,GCA_001864285.1,Acinetobacter baumannii
ERR6132457,,,PDT001200315.1,SAMEA9273372,GCA_021139195.1,Acinetobacter baumannii
SRR28093920,,,PDT002086648.1,SAMN40137353,GCA_036876435.1,Acinetobacter baumannii
SRR27312799,,,PDT002037465.1,SAMN39003150,GCA_034567015.1,Acinetobacter baumannii
,,,PDT001440266.1,SAMN19774184,GCA_025514615.1,Acinetobacter pittii
,,,PDT001218769.1,SAMN19523401,GCA_021389395.1,Acinetobacter baumannii
SRR13327204,,,PDT001201056.1,SAMN17182383,GCA_021147185.1,Acinetobacter baumannii
,,,PDT001376397.1,SAMN29762453,GCA_024495905.1,Acinetobacter baumannii
,,,PDT000468086.1,SAMN08031289,GCA_004209605.1,Acinetobacter pittii
,,,PDT002215854.1,SAMN41651210,GCA_040214375.1,Acinetobacter pittii
,,,PDT001292428.1,SAMN20599324,GCA_023002815.1,Acinetobacter baumannii
SRR24807756,,,PDT001767475.2,SAMN35572897,GCA_031140325.2,Acinetobacter baumannii
,,,PDT002059897.1,SAMEA114009903,GCA_958324415.1,Acinetobacter baumannii
SRR22455696,,,PDT001506145.1,SAMN31900872,GCA_026560695.1,Acinetobacter baumannii
SRR27467651,,,PDT002049800.1,SAMN39313697,GCA_035516275.1,Acinetobacter baumannii
SRR19526524,,,PDT001322318.3,SAMN28851391,GCA_023770885.3,Acinetobacter baumannii
SRR23133873,,,PDT001582356.3,SAMN32801827,GCA_028059815.3,Acinetobacter baumannii
SRR28558884,,,PDT002131223.1,SAMN40752275,GCA_037974105.1,Acinetobacter baumannii
SRR26054233,,,PDT001884566.2,SAMN37385800,GCA_031463775.2,Acinetobacter baumannii
ERR11554390,,,PDT001898872.1,SAMEA113597788,GCA_031876345.1,Acinetobacter baumannii
,,,PDT002247228.1,SAMN38085022,GCA_040594785.1,Acinetobacter baumannii
,,,PDT002189181.1,SAMN41502613,GCA_040068485.1,Acinetobacter nosocomialis
,,,PDT001065597.1,SAMN19493868,GCA_018789475.1,Acinetobacter baumannii
SRR13643278,,,PDT000949993.3,SAMN17815162,GCA_017118445.3,Acinetobacter baumannii
,,,PDT000751075.1,SAMN14525747,GCA_013185115.1,Acinetobacter baumannii
SRR20340961,,,PDT001366663.3,SAMN29869126,GCA_024378235.3,Acinetobacter baumannii
,,,PDT001287515.1,SAMN27350367,GCA_022952995.1,Acinetobacter baumannii
SRR21603487,,,PDT001419958.3,SAMN30889189,GCA_025240985.3,Acinetobacter baumannii
SRR26085965,,,PDT001957222.1,SAMN37355652,GCA_033132175.1,Acinetobacter baumannii
,,,PDT001435581.1,SAMN19774091,GCA_025405905.1,Acinetobacter baumannii
SRR25932047,,,PDT001876314.2,SAMN37305462,GCA_031208355.2,Acinetobacter baumannii
SRR28388776,,,PDT002117967.1,SAMN40545758,GCA_037524845.1,Acinetobacter baumannii
SRR16200939,,,PDT001144898.3,SAMN22045152,GCA_020287005.3,Acinetobacter baumannii
,,,PDT002345657.1,SAMN20080717,GCA_041531895.1,Acinetobacter pittii
,,,PDT000510432.1,SAMN11607788,GCA_005786535.1,Acinetobacter baumannii
SRR26357339,,,PDT001927292.1,SAMN37775800,GCA_032716225.1,Acinetobacter baumannii
SRR16359974,,,PDT001151741.3,SAMN22333863,GCA_023400215.3,Acinetobacter baumannii
,,,PDT000294431.1,SAMN06687687,GCA_002992605.1,Acinetobacter baumannii
,,,PDT002247283.1,SAMN38084990,GCA_040595995.1,Acinetobacter baumannii
SRR3137583,,,PDT000106876.2,SAMN04450969,GCA_016538965.2,Acinetobacter baumannii
,,,PDT000526485.1,SAMN08471688,GCA_006367945.1,Acinetobacter baumannii
SRR14852426,,,PDT001135437.1,SAMN19762595,GCA_020102895.1,Acinetobacter baumannii
,,,PDT002247457.1,SAMN38108024,GCA_040599255.1,Acinetobacter baumannii
SRR14996256,,,PDT001079880.3,SAMN19952147,GCA_019081325.3,Acinetobacter baumannii
SRR12008599,,,PDT001093908.1,SAMN15232035,GCA_019321495.1,Acinetobacter baumannii
,,,PDT000526408.1,SAMN08471716,GCA_006366405.1,Acinetobacter baumannii
SRR24995015,,,PDT001787018.2,SAMN35842598,GCA_031115795.2,Acinetobacter baumannii
SRR16492518,,,PDT001157470.5,SAMN22404334,GCA_020606815.3,Acinetobacter baumannii
,,,PDT000605751.1,SAMD00174832,GCA_008981265.1,Acinetobacter pittii
SRR22455783,,,PDT001506232.1,SAMN31900706,GCA_026558855.1,Acinetobacter baumannii
SRR27872828,,,PDT002072192.1,SAMN39831318,GCA_036410595.1,Acinetobacter baumannii
SRR26562434,,,PDT001961257.2,SAMN38035068,GCA_033132815.2,Acinetobacter baumannii
,,,PDT001087906.1,SAMN17266010,GCA_019188935.1,Acinetobacter baumannii
,,,PDT001292516.1,SAMN20599237,GCA_023005675.1,Acinetobacter baumannii
,,,PDT002059529.1,SAMEA114010144,GCA_958315835.1,Acinetobacter baumannii
SRR11725330,,,PDT000733301.3,SAMN14792059,GCA_016489065.3,Acinetobacter baumannii
SRR3242047,,,PDT000115292.2,SAMN04568516,GCA_016519645.2,Acinetobacter baumannii
SRR26422025,,,PDT001946906.2,SAMN37874190,GCA_032852405.2,Acinetobacter baumannii
,,,PDT001603027.1,SAMN19931262,GCA_028440635.1,Acinetobacter baumannii
,,,PDT001250813.1,SAMN25770376,GCA_022239945.1,Acinetobacter baumannii
SRR24220155,,,PDT001694576.3,SAMN34254868,GCA_031137475.2,Acinetobacter baumannii
,,,PDT001603046.1,SAMN29993235,GCA_028440985.1,Acinetobacter baumannii
,,,PDT001693185.1,SAMN12618962,GCA_029814355.1,Acinetobacter baumannii
SRR11521751,,,PDT001225615.1,SAMN14571923,GCA_021510875.1,Acinetobacter baumannii
SRR3223914,,,PDT000114226.2,SAMN04549501,GCA_016525615.2,Acinetobacter baumannii
,,,PDT000156202.1,SAMN04745461,GCA_001863955.1,Acinetobacter baumannii
SRR16820308,,,PDT001170241.3,SAMN22933806,GCA_020781635.3,Acinetobacter baumannii
ERR11554362,,,PDT001898742.1,SAMEA113597760,GCA_031877285.1,Acinetobacter baumannii
,,,PDT000156075.2,SAMN04745478,GCA_001861385.2,Acinetobacter baumannii
SRR25177945,,,PDT001810509.2,SAMN36342663,GCA_031111685.2,Acinetobacter baumannii
SRR28644320,,,PDT002137571.1,SAMN40759175,GCA_038110885.1,Acinetobacter baumannii
,,,PDT002247641.1,SAMN38108305,GCA_040602935.1,Acinetobacter baumannii
SRR16526550,,,PDT001159508.3,SAMN22487806,GCA_020569335.3,Acinetobacter baumannii
,,,PDT001009189.1,SAMN18511051,GCA_018068105.1,Acinetobacter baumannii
,,,PDT000044607.1,SAMN02911265,GCA_000787215.1,Acinetobacter baumannii
,,,PDT001518603.1,SAMN10335390,GCA_026703845.1,Acinetobacter baumannii
SRR17657490,,,PDT001226555.3,SAMN25076946,GCA_021524925.3,Acinetobacter baumannii
SRR28214313,,,PDT002097755.1,SAMN40250962,GCA_036988065.1,Acinetobacter baumannii
,,,PDT000463734.1,SAMN10784980,GCA_004152685.1,Acinetobacter baumannii
,,,PDT000941517.1,SAMN17349199,GCA_016745455.1,Acinetobacter baumannii
,,,PDT000642527.1,SAMN09095564,GCA_009736875.1,Acinetobacter baumannii
,,,PDT000683323.1,SAMN14001749,GCA_010500625.1,Acinetobacter baumannii
SRR11521757,,,PDT001225621.1,SAMN14571917,GCA_021508155.1,Acinetobacter baumannii
,,,PDT001837092.1,SAMN36698781,GCA_030553845.1,Acinetobacter baumannii
SRR30512598,,,PDT002351976.1,SAMN43465633,GCA_041724615.1,Acinetobacter baumannii
,,,PDT000469697.1,SAMN10910649,GCA_004296275.1,Acinetobacter baumannii
SRR28835259,,,PDT002148970.1,SAMN41116063,GCA_038705255.1,Acinetobacter baumannii
ERR6132407,,,PDT001200265.1,SAMEA9273320,GCA_021142105.1,Acinetobacter baumannii
,,,PDT000605786.1,SAMD00174867,GCA_008983085.1,Acinetobacter seifertii
SRR17304839,,,PDT001383068.1,SAMN24293962,GCA_024618745.1,Acinetobacter baumannii
SRR30716149,,,PDT002387792.1,SAMN43816103,GCA_042164395.1,Acinetobacter baumannii
,,,PDT001888983.1,SAMN37341842,GCA_031581845.1,Acinetobacter baumannii
,,,PDT002277503.1,SAMEA115874662,GCA_964206825.1,Acinetobacter baumannii
SRR21985577,,,PDT001456775.3,SAMN31388740,GCA_025777315.3,Acinetobacter baumannii
,,,PDT001961277.1,SAMN37937876,GCA_033100355.1,Acinetobacter baumannii
SRR11589132,,,PDT000751263.1,SAMN14669836,GCA_016487425.1,Acinetobacter baumannii
SRR19965892,,,PDT001469693.1,SAMN29406656,GCA_025896515.1,Acinetobacter baumannii
SRR30571217,,,PDT002366158.1,SAMN43522524,GCA_041857385.1,Acinetobacter baumannii
SRR26149119,,,PDT001896696.2,SAMN37516054,GCA_031892885.2,Acinetobacter baumannii
,,,PDT002059563.1,SAMEA114009814,GCA_958316575.1,Acinetobacter baumannii
SRR27966696,,,PDT002078287.1,SAMN39942568,GCA_036622135.1,Acinetobacter baumannii
SRR21995845,,,PDT001465460.1,SAMN28991120,GCA_025852695.1,Acinetobacter baumannii
ERR1947029,,,PDT000424116.1,SAMEA25933918,GCA_016512355.1,Acinetobacter baumannii
,,,PDT002101963.1,SAMN40125644,GCA_037045875.1,Acinetobacter pittii
,,,PDT001006884.1,SAMN16659813,GCA_017952555.1,Acinetobacter baumannii
,,,PDT000605811.1,SAMD00174892,GCA_008985025.1,Acinetobacter baumannii
SRR30513727,,,PDT002352074.1,SAMN43466507,GCA_041728825.1,Acinetobacter baumannii
,,,PDT002146099.1,SAMN40971042,GCA_038442405.1,Acinetobacter baumannii
SRR27874567,,,PDT002072403.1,SAMN39832387,GCA_036413995.1,Acinetobacter baumannii
,,,PDT000526492.1,SAMN08471648,GCA_006368105.1,Acinetobacter baumannii
,,,PDT000342153.2,SAMEA1709803,GCA_900477695.2,Acinetobacter baumannii
,,,PDT000647911.1,SAMN13066400,GCA_009760485.1,Acinetobacter baumannii
SRR5739096,,,PDT000866594.1,SAMN07258613,GCA_016476365.1,Acinetobacter baumannii
SRR26901985,,,PDT001994804.1,SAMN38348940,GCA_033878975.1,Acinetobacter baumannii
,,,PDT001321022.1,SAMN28095929,GCA_023605405.1,Acinetobacter baumannii
SRR24187237,,,PDT001690796.3,SAMN34211738,GCA_029815255.3,Acinetobacter baumannii
,,,PDT001603174.1,SAMN29993108,GCA_028443525.1,Acinetobacter baumannii
,,,PDT001795771.1,SAMN28422583,GCA_030377375.1,Acinetobacter baumannii
ERR1946997,,,PDT000424084.1,SAMEA25909168,GCA_016512755.1,Acinetobacter baumannii
,,,PDT002247700.1,SAMN38108243,GCA_040604115.1,Acinetobacter baumannii
SRR14862541,,,PDT001135608.1,SAMN19774596,GCA_020100695.1,Acinetobacter baumannii
SRR13228568,,,PDT000908009.3,SAMN17039468,GCA_016470535.3,Acinetobacter baumannii
SRR18192425,,,PDT001257297.3,SAMN26365844,GCA_022442585.3,Acinetobacter baumannii
,,,PDT001599054.1,SAMN32768117,GCA_028307785.1,Acinetobacter baumannii
SRR24081817,,,PDT001680316.4,SAMN34081575,GCA_029602155.4,Acinetobacter baumannii
SRR13118746,,,PDT000897555.3,SAMN16829376,GCA_016473275.3,Acinetobacter baumannii
,,,PDT002059690.1,SAMEA114010077,GCA_958318935.1,Acinetobacter baumannii
DRR035589,,,PDT000659822.1,SAMD00030203,GCA_016500045.1,Acinetobacter baumannii
,,,PDT001817124.1,SAMN36008438,GCA_030448725.1,Acinetobacter baumannii
,,,PDT000023499.1,SAMN02384928,GCA_000582175.1,Acinetobacter baumannii 1525283
SRR15377029,,,PDT001106468.3,SAMN20675009,GCA_019506645.3,Acinetobacter baumannii
SRR22455446,,,PDT001505895.1,SAMN31900183,GCA_026565615.1,Acinetobacter baumannii
SRR13228560,,,PDT000908001.3,SAMN17039475,GCA_016470585.3,Acinetobacter baumannii
SRR12286423,,,PDT000866124.1,SAMN15598660,GCA_016609145.1,Acinetobacter baumannii
,,,PDT000510481.1,SAMN11394735,GCA_005863405.1,Acinetobacter baumannii
SRR19008466,,,PDT001296986.3,SAMN27992979,GCA_023203095.3,Acinetobacter baumannii
,,,PDT001205133.1,SAMN16321067,GCA_021173935.1,Acinetobacter baumannii
,,,PDT001046529.1,SAMN17371907,GCA_018445625.1,Acinetobacter baumannii
SRR26513061,,,PDT001953397.1,SAMN37978807,GCA_033038775.1,Acinetobacter baumannii
SRR11589256,,,PDT000751387.1,SAMN14669879,GCA_016485865.1,Acinetobacter baumannii
,,,PDT001610238.1,SAMN32546167,GCA_028550085.1,Acinetobacter baumannii
SRR29224699,,,PDT002181345.1,SAMN41592229,GCA_039949615.1,Acinetobacter baumannii
,,,PDT002113373.1,SAMN40148038,GCA_037171365.1,Acinetobacter baumannii
,,,PDT000354332.1,SAMEA104305214,GCA_900494885.1,Acinetobacter baumannii
SRR14154258,,,PDT001001340.3,SAMN18636544,GCA_017836335.3,Acinetobacter baumannii
,,,PDT000642531.1,SAMN09095539,GCA_009736965.1,Acinetobacter baumannii
,,,PDT000216842.1,SAMN06461881,GCA_002183435.1,Acinetobacter baumannii
,,,PDT001212939.1,SAMN24144317,GCA_021294925.1,Acinetobacter baumannii
,,,PDT000342145.2,SAMEA1709761,GCA_900477565.2,Acinetobacter baumannii
,,,PDT000023911.1,SAMN02614557,GCA_000591615.1,Acinetobacter baumannii 25561_7
SRR20715866,,,PDT001374621.3,SAMN30058056,GCA_024571735.3,Acinetobacter baumannii
SRR28217783,,,PDT002098018.1,SAMN40254314,GCA_037008645.1,Acinetobacter baumannii
SRR16820320,,,PDT001170253.3,SAMN22933795,GCA_020780675.3,Acinetobacter baumannii
,,,PDT001834981.1,SAMN36692273,GCA_030552675.1,Acinetobacter baumannii
SRR23217109,,,PDT001590794.3,SAMN32908107,GCA_028170625.3,Acinetobacter baumannii
SRR23316581,,,PDT001600929.3,SAMN32981009,GCA_028433365.3,Acinetobacter baumannii
,,,PDT000711776.1,SAMN14299435,GCA_011602055.1,Acinetobacter baumannii
,,,PDT001889002.1,SAMN37341839,GCA_031582215.1,Acinetobacter baumannii
SRR26424131,,,PDT001947789.2,SAMN37875398,GCA_032848135.2,Acinetobacter baumannii
SRR13748148,,,PDT000968712.3,SAMN18006748,GCA_016974615.3,Acinetobacter baumannii
SRR27316067,,,PDT002037233.1,SAMN38982133,GCA_034571135.1,Acinetobacter baumannii
SRR25319654,,,PDT001821702.2,SAMN36514290,GCA_031108375.2,Acinetobacter baumannii
SRR14852269,,,PDT001135280.1,SAMN19762737,GCA_020105615.1,Acinetobacter baumannii
,,,PDT000510448.1,SAMEA5396107,GCA_005819275.1,Acinetobacter baumannii
,,,PDT000534427.1,SAMN12087682,GCA_006492925.1,Acinetobacter baumannii
,,,PDT000503232.1,SAMN11571816,GCA_005280695.1,Acinetobacter baumannii
,,,PDT001832190.1,SAMN33425345,GCA_030551035.1,Acinetobacter baumannii
,,,PDT001820109.1,SAMN36317488,GCA_030485965.1,Acinetobacter baumannii
,,,PDT001610187.1,SAMN32546217,GCA_028549075.1,Acinetobacter baumannii
SRR26956676,,,PDT002008630.1,SAMN38450465,GCA_033970385.1,Acinetobacter baumannii
,,,PDT000209490.1,SAMN06892241,GCA_002143185.1,Acinetobacter baumannii
SRR19691735,,,PDT001330356.3,SAMN29151482,GCA_024106355.3,Acinetobacter baumannii
,,,PDT000387377.1,SAMN09951321,GCA_003596265.1,Acinetobacter baumannii
,,,PDT002159231.1,SAMN37878243,GCA_039568565.1,Acinetobacter baumannii
SRR24635258,,,PDT001739854.2,SAMN35130718,GCA_031151575.2,Acinetobacter baumannii
SRR13118745,,,PDT000897554.3,SAMN16829377,GCA_016473235.3,Acinetobacter baumannii
,,,PDT001009191.1,SAMN18511049,GCA_018068145.1,Acinetobacter baumannii
SRR26901984,,,PDT001994803.1,SAMN38348941,GCA_033879055.1,Acinetobacter baumannii
SRR29963963,,,PDT002264246.1,SAMN42790842,GCA_040868435.1,Acinetobacter baumannii
SRR23892400,,,PDT001663563.3,SAMN33735526,GCA_029273545.3,Acinetobacter baumannii
,,,PDT000176459.2,SAMN02727811,GCA_001936675.2,Acinetobacter baumannii
SRR24464614,,,PDT001725746.3,SAMN34996072,GCA_031132065.2,Acinetobacter baumannii
,,,PDT001250788.1,SAMN25770340,GCA_022237585.1,Acinetobacter baumannii
,,,PDT000023819.1,SAMN02570429,GCA_000588895.1,Acinetobacter baumannii 44895_9
,,,PDT002113348.1,SAMN40147982,GCA_037170865.1,Acinetobacter baumannii
,,,PDT001232186.1,SAMN23416895,GCA_021609965.1,Acinetobacter baumannii
,,,PDT000093850.1,SAMN04145639,GCA_001433075.1,Acinetobacter baumannii
SRR22455550,,,PDT001505999.1,SAMN31900357,GCA_026563515.1,Acinetobacter baumannii
SRR27286020,,,PDT002036502.1,SAMN38860882,GCA_034578435.1,Acinetobacter baumannii
,,,PDT002247672.1,SAMN38108271,GCA_040603555.1,Acinetobacter baumannii
SRR27746002,,,PDT002064695.1,SAMN39623884,GCA_036240115.1,Acinetobacter baumannii
SRR21802877,,,PDT001442360.3,SAMN31152627,GCA_025579585.3,Acinetobacter baumannii
SRR14613699,,,PDT001044800.3,SAMN19298802,GCA_018453945.3,Acinetobacter baumannii
SRR22455892,,,PDT001506341.1,SAMN31900295,GCA_026556315.1,Acinetobacter baumannii
,,,PDT000606124.1,SAMD00175201,GCA_009008995.1,Acinetobacter baumannii
,,,PDT000534513.1,SAMN12087726,GCA_006494665.1,Acinetobacter baumannii
SRR19986804,,,PDT001352815.3,SAMN29506975,GCA_024148205.3,Acinetobacter baumannii
,,,PDT001009198.1,SAMN18510999,GCA_018069205.1,Acinetobacter baumannii
,,,PDT001808825.1,SAMN33225785,GCA_030404225.1,Acinetobacter pittii
,,,PDT001231280.1,SAMN24967653,GCA_021570255.1,Acinetobacter baumannii
,,,PDT000092708.1,SAMN04145750,GCA_001416185.1,Acinetobacter pittii
SRR19986764,,,PDT001352775.3,SAMN29506947,GCA_024168655.3,Acinetobacter baumannii
,,,PDT002059562.1,SAMEA114009969,GCA_958316555.1,Acinetobacter baumannii
SRR24285810,,,PDT001700341.4,SAMN34352518,GCA_031136325.3,Acinetobacter baumannii
SRR13643266,,,PDT000949981.3,SAMN17815173,GCA_017119805.3,Acinetobacter baumannii
,,,PDT001231362.1,SAMN24967572,GCA_021571895.1,Acinetobacter baumannii
SRR18825627,,,PDT001290908.3,SAMN27646550,GCA_023064735.3,Acinetobacter baumannii
SRR14862603,,,PDT001135652.1,SAMN19774661,GCA_020100135.1,Acinetobacter baumannii
,,,PDT001400548.1,SAMN23078457,GCA_024749545.1,Acinetobacter baumannii
,,,PDT001435601.1,SAMN19774127,GCA_025406315.1,Acinetobacter baumannii
,,,PDT000191285.1,SAMN06117785,GCA_002017395.1,Acinetobacter baumannii
,,,PDT000605797.1,SAMD00174878,GCA_008984025.1,Acinetobacter baumannii
,,,PDT001292439.1,SAMN20599313,GCA_023003875.1,Acinetobacter baumannii
SRR17898051,,,PDT001241072.1,SAMN25688255,GCA_022017395.1,Acinetobacter baumannii
,,,PDT001488371.1,SAMN25160027,GCA_026194825.1,Acinetobacter baumannii
SRR12519180,,,PDT000821592.3,SAMN15907209,GCA_016482455.3,Acinetobacter baumannii
SRR18856802,,,PDT001292266.3,SAMN27727284,GCA_023086615.3,Acinetobacter baumannii
SRR19115608,,,PDT001325729.1,SAMN28105386,GCA_023775675.1,Acinetobacter baumannii
SRR25501876,,,PDT001899146.1,SAMN36815353,GCA_031933345.1,Acinetobacter baumannii
,,,PDT001147108.1,SAMN21876352,GCA_020255885.1,Acinetobacter baumannii
SRR22398117,,,PDT001496527.3,SAMN31854149,GCA_026365935.3,Acinetobacter baumannii
SRR17250596,,,PDT001204889.3,SAMN24145005,GCA_021221525.3,Acinetobacter baumannii
,,,PDT000135555.1,SAMN05238647,GCA_001674135.1,Acinetobacter baumannii
SRR14852224,,,PDT001135235.1,SAMN19762778,GCA_020106295.1,Acinetobacter baumannii
SRR17383796,,,PDT001214297.3,SAMN24523851,GCA_021339735.3,Acinetobacter baumannii
,,,PDT000233340.1,SAMN07450688,GCA_002249185.1,Acinetobacter baumannii
SRR11725233,,,PDT000733211.3,SAMN14792041,GCA_016489965.3,Acinetobacter baumannii
SRR25665029,,,PDT001854259.2,SAMN37032697,GCA_031098715.2,Acinetobacter baumannii
,,,PDT002075033.1,SAMN32745731,GCA_036528385.1,Acinetobacter baumannii
,,,PDT000023935.1,SAMN02614540,GCA_000592095.1,Acinetobacter baumannii 25935_1
SRR3197604,,,PDT000111415.2,SAMN04525203,GCA_016533145.2,Acinetobacter baumannii
SRR12519174,,,PDT000821586.3,SAMN15907215,GCA_016609585.3,Acinetobacter baumannii
,,,PDT000156082.1,SAMN04745494,GCA_001861535.1,Acinetobacter baumannii
,,,PDT000605858.1,SAMD00174939,GCA_008987985.1,Acinetobacter pittii
,,,PDT000162417.2,SAMEA1466078,GCA_900117525.2,Acinetobacter baumannii
,,,PDT002129563.1,SAMN33575619,GCA_037911675.1,Acinetobacter baumannii
SRR18114114,,,PDT001336324.1,SAMN26199163,GCA_024025595.1,Acinetobacter baumannii
,,,PDT001603302.1,SAMN29992977,GCA_028446105.1,Acinetobacter baumannii
SRR18680388,,,PDT001280594.3,SAMN27407170,GCA_022881935.3,Acinetobacter baumannii
SRR16977071,,,PDT001178244.3,SAMN23286166,GCA_020895335.3,Acinetobacter baumannii
,,,PDT001771503.1,SAMN35536085,GCA_030188495.1,Acinetobacter baumannii
SRR20715935,,,PDT001374690.3,SAMN30057985,GCA_024574815.3,Acinetobacter baumannii
SRR28888099,,,PDT002154253.1,SAMN41191620,GCA_039507265.1,Acinetobacter baumannii
,,,PDT000016424.1,SAMN02055523,GCA_000453085.1,Acinetobacter baumannii TG22194
SRR18748171,,,PDT001287125.3,SAMN27571712,GCA_022989965.3,Acinetobacter baumannii
SRR22455839,,,PDT001506288.1,SAMN31900267,GCA_026557475.1,Acinetobacter baumannii
SRR19526517,,,PDT001322311.3,SAMN28851388,GCA_023662995.3,Acinetobacter baumannii
,,,PDT000920618.1,SAMN13831872,GCA_016125615.1,Acinetobacter baumannii
SRR19369818,,,PDT001325764.1,SAMN28592049,GCA_023782965.1,Acinetobacter baumannii
SRR13158635,,,PDT000899234.3,SAMN16940776,GCA_016471295.3,Acinetobacter baumannii
ERR10628344,,,PDT001585390.1,SAMEA112190415,GCA_028095085.1,Acinetobacter baumannii
SRR27905218,,,PDT002073687.1,SAMN39856822,GCA_036449665.1,Acinetobacter baumannii
SRR29930914,,,PDT002263543.1,SAMN42764209,GCA_040831315.1,Acinetobacter baumannii
SRR28765093,,,PDT002143906.1,SAMN41043236,GCA_038426345.1,Acinetobacter baumannii
SRR22455653,,,PDT001506102.1,SAMN31900944,GCA_026561475.1,Acinetobacter baumannii
SRR17304932,,,PDT001383161.1,SAMN24294148,GCA_024618545.1,Acinetobacter baumannii
,,,PDT002059730.1,SAMEA114009773,GCA_958319935.1,Acinetobacter baumannii
SRR14792809,,,PDT001067678.3,SAMN19677641,GCA_018868725.3,Acinetobacter baumannii
,,,PDT002363706.1,SAMN43323977,GCA_041726925.1,Acinetobacter baumannii
SRR22455252,,,PDT001505701.1,SAMN31900344,GCA_026569355.1,Acinetobacter baumannii
,,,PDT001287512.1,SAMN27350363,GCA_022952935.1,Acinetobacter baumannii
SRR28330441,,,PDT002035615.2,SAMN38926782,GCA_034482945.2,Acinetobacter baumannii
SRR14852302,,,PDT001135313.1,SAMN19762707,GCA_020104995.1,Acinetobacter baumannii
SRR23510852,,,PDT001618638.3,SAMN33342072,GCA_028677755.3,Acinetobacter baumannii
,,,PDT000156235.1,SAMN04745446,GCA_001864615.1,Acinetobacter baumannii
,,,PDT000008759.2,SAMN02436468,GCA_000286615.1,Acinetobacter baumannii Canada BC-5
SRR23919821,,,PDT001664223.3,SAMN33830193,GCA_029323155.3,Acinetobacter baumannii
,,,PDT000605842.1,SAMD00174923,GCA_008986945.1,Acinetobacter baumannii
,,,PDT000300603.1,SAMN08637734,GCA_003020365.1,Acinetobacter baumannii
,,,PDT002098555.1,SAMN39661098,GCA_037008005.1,Acinetobacter baumannii
,,,PDT000707291.2,SAMN14217790,GCA_011067065.1,Acinetobacter baumannii
,,,PDT000354300.1,SAMEA104305180,GCA_900494395.1,Acinetobacter baumannii
,,,PDT000534481.1,SAMN12087729,GCA_006494005.1,Acinetobacter baumannii
,,,PDT001965176.1,SAMN36429572,GCA_033181805.1,Acinetobacter baumannii
SRR28288178,,,PDT002107468.1,SAMN40376029,GCA_037103325.1,Acinetobacter baumannii
SRR30417320,,,PDT002342503.1,SAMN43382925,GCA_041525225.1,Acinetobacter baumannii
SRR13158631,,,PDT000899230.3,SAMN16940780,GCA_016471315.3,Acinetobacter baumannii
SRR22455626,,,PDT001506075.1,SAMN31900324,GCA_026561975.1,Acinetobacter baumannii
SRR11792723,,,PDT000751428.1,SAMN14929070,GCA_016485205.1,Acinetobacter baumannii
ERR7281374,,,PDT001469641.1,SAMEA10922690,GCA_025897255.1,Acinetobacter baumannii
,,,PDT000837937.1,SAMN14943647,GCA_014560205.1,Acinetobacter baumannii
,,,PDT002000513.1,SAMN38288342,GCA_033903245.1,Acinetobacter nosocomialis
SRR30715173,,,PDT002387724.1,SAMN43815358,GCA_042165515.1,Acinetobacter baumannii
SRR14852455,,,PDT001135466.1,SAMN19762570,GCA_020102355.1,Acinetobacter baumannii
SRR30187991,,,PDT002310362.1,SAMN43099498,GCA_041214415.1,Acinetobacter baumannii
SRR14616015,,,PDT001044886.3,SAMN19299710,GCA_018452325.3,Acinetobacter baumannii
SRR25161725,,,PDT001810102.2,SAMN35877332,GCA_031112605.2,Acinetobacter baumannii
SRR16893778,,,PDT001172728.3,SAMN23011908,GCA_020825075.3,Acinetobacter baumannii
,,,PDT001571514.1,SAMN32543305,GCA_027594245.1,Acinetobacter baumannii
SRR27902941,,,PDT002073531.1,SAMN39855902,GCA_036451175.1,Acinetobacter baumannii
,,,PDT001310058.1,SAMN24114665,GCA_023361915.1,Acinetobacter baumannii
SRR18499966,,,PDT001283683.1,SAMN27010240,GCA_022936565.1,Acinetobacter baumannii
,,,PDT001187408.1,SAMN23009112,GCA_020992075.1,Acinetobacter baumannii
SRR24326810,,,PDT001708666.3,SAMN34410788,GCA_031144225.2,Acinetobacter baumannii
,,,PDT001571513.1,SAMN32543302,GCA_027594225.1,Acinetobacter baumannii
SRR25008781,,,PDT001788157.1,SAMN35881091,GCA_031114855.1,Acinetobacter baumannii
SRR27905212,,,PDT002073681.1,SAMN39856828,GCA_036449455.1,Acinetobacter baumannii
,,,PDT000233348.1,SAMN07450594,GCA_002249365.1,Acinetobacter baumannii
ERR564219,,,PDT000441471.1,SAMEA2376405,GCA_016509855.1,Acinetobacter baumannii
,,,PDT001602971.1,SAMN29993262,GCA_028439015.1,Acinetobacter baumannii
,,,PDT001603058.1,SAMN29993222,GCA_028441245.1,Acinetobacter baumannii
,,,PDT000642524.1,SAMN09095566,GCA_009736815.1,Acinetobacter baumannii
SRR30749830,,,PDT002388909.1,SAMN43847398,GCA_042142245.1,Acinetobacter baumannii
,,,PDT000092665.1,SAMN04145694,GCA_001415355.1,Acinetobacter baumannii
,,,PDT001292341.1,SAMN20599410,GCA_023001075.1,Acinetobacter baumannii
SRR22455384,,,PDT001505833.1,SAMN31900364,GCA_026566755.1,Acinetobacter baumannii
,,,PDT000342119.2,SAMEA1709647,GCA_900476965.2,Acinetobacter baumannii
SRR20423110,,,PDT001367694.3,SAMN29894105,GCA_024419185.3,Acinetobacter baumannii
,,,PDT002187437.1,SAMN41433521,GCA_040012755.1,Acinetobacter baumannii
,,,PDT001250784.1,SAMN25770341,GCA_022237485.1,Acinetobacter baumannii
,,,PDT001436829.1,SAMN28578923,GCA_025456915.1,Acinetobacter baumannii
,,,PDT001231338.1,SAMN24967595,GCA_021571405.1,Acinetobacter baumannii
SRR22455504,,,PDT001505953.1,SAMN31900901,GCA_026564375.1,Acinetobacter baumannii
,,,PDT000418772.1,SAMN10261585,GCA_003948505.1,Acinetobacter baumannii
SRR27644865,,,PDT002058916.1,SAMN39505196,GCA_035924945.1,Acinetobacter baumannii
DRR035541,,,PDT000659774.1,SAMD00030155,GCA_016504315.1,Acinetobacter baumannii
,,,PDT000901314.1,SAMN16807097,GCA_015694645.1,Acinetobacter baumannii
,,,PDT002247570.1,SAMN38107911,GCA_040601515.1,Acinetobacter baumannii
,,,PDT000595109.1,SAMN09244199,GCA_008709565.1,Acinetobacter baumannii
,,,PDT000342124.2,SAMEA1709668,GCA_900477395.2,Acinetobacter baumannii
,,,PDT000605725.1,SAMD00174805,GCA_008979965.1,Acinetobacter pittii
SRR30284861,,,PDT002326051.1,SAMN43241377,GCA_041339295.1,Acinetobacter baumannii
SRR14852412,,,PDT001135423.1,SAMN19762608,GCA_020103195.1,Acinetobacter baumannii
,,,PDT002059589.1,SAMEA114009925,GCA_958317045.1,Acinetobacter baumannii
,,,PDT001514242.1,SAMN30415616,GCA_026627525.1,Acinetobacter baumannii
,,,PDT001455075.1,SAMN18129818,GCA_025717695.1,Acinetobacter baumannii
SRR28792691,,,PDT002145847.1,SAMN41072658,GCA_038486015.1,Acinetobacter baumannii
,,,PDT001834972.1,SAMN36692268,GCA_030552485.1,Acinetobacter baumannii
SRR29667698,,,PDT002237653.1,SAMN42207382,GCA_040446805.1,Acinetobacter baumannii
SRR24154831,,,PDT001689047.3,SAMN34167509,GCA_029731015.3,Acinetobacter baumannii
,,,PDT001231364.1,SAMN24967568,GCA_021571935.1,Acinetobacter baumannii
ERR11554447,,,PDT001898914.1,SAMEA113597845,GCA_031875505.1,Acinetobacter baumannii
,,,PDT001847672.1,SAMN31178861,GCA_030705385.1,Acinetobacter baumannii
,,,PDT000248868.1,SAMN04272869,GCA_002416395.1,Acinetobacter baumannii
SRR25133985,,,PDT001809198.2,SAMN36295913,GCA_031112845.2,Acinetobacter baumannii
SRR23652622,,,PDT001648412.3,SAMN33193808,GCA_028905685.3,Acinetobacter baumannii
SRR3227032,,,PDT000114614.2,SAMN04555218,GCA_016522325.2,Acinetobacter baumannii
,,,PDT001355207.1,SAMN19356529,GCA_024151895.1,Acinetobacter baumannii
,,,PDT001603193.1,SAMN29993087,GCA_028443925.1,Acinetobacter baumannii
SRR14852145,,,PDT001135156.1,SAMN19762516,GCA_020107815.1,Acinetobacter baumannii
SRR24635293,,,PDT001739888.2,SAMN35130686,GCA_031150525.2,Acinetobacter baumannii
,,,PDT001205148.1,SAMN16321054,GCA_021174265.1,Acinetobacter baumannii
SRR26085763,,,PDT001957020.1,SAMN37355250,GCA_033135565.1,Acinetobacter baumannii
SRR17304918,,,PDT001383147.1,SAMN24294046,GCA_024615065.1,Acinetobacter baumannii
SRR27608800,,,PDT002057871.1,SAMN39486252,GCA_035885115.1,Acinetobacter baumannii
,,,PDT001603122.1,SAMN29993156,GCA_028442525.1,Acinetobacter baumannii
,,,PDT000526451.1,SAMN08471659,GCA_006367275.1,Acinetobacter baumannii
SRR22455823,,,PDT001506272.1,SAMN31900197,GCA_026557815.1,Acinetobacter baumannii
SRR23686069,,,PDT001649935.3,SAMN33566491,GCA_028937505.3,Acinetobacter baumannii
SRR27488314,,,PDT002051148.1,SAMN39401410,GCA_035594605.1,Acinetobacter baumannii
SRR17304769,,,PDT001382998.1,SAMN24294094,GCA_024617885.1,Acinetobacter baumannii
SRR12008648,,,PDT001093957.1,SAMN15232055,GCA_019321075.1,Acinetobacter baumannii
SRR19233748,,,PDT001309294.3,SAMN28455319,GCA_023427295.3,Acinetobacter baumannii
SRR22455477,,,PDT001505926.1,SAMN31900407,GCA_026564905.1,Acinetobacter baumannii
,,,PDT002026726.1,SAMN37443308,GCA_034297055.1,Acinetobacter baumannii
,,,PDT000354351.1,SAMEA104305234,GCA_900495085.1,Acinetobacter baumannii
SRR13085628,,,PDT000893259.3,SAMN16823378,GCA_016474095.3,Acinetobacter baumannii
SRR23565694,,,PDT001636890.3,SAMN33314755,GCA_028754355.3,Acinetobacter baumannii
,,,PDT001771555.1,SAMN33430989,GCA_030197715.1,Acinetobacter baumannii
,,,PDT001691728.1,SAMN19690115,GCA_029774315.1,Acinetobacter baumannii
SRR22007347,,,PDT001463223.3,SAMN31407604,GCA_025806915.3,Acinetobacter baumannii
SRR24016455,,,PDT001675342.4,SAMN33986160,GCA_029511375.4,Acinetobacter baumannii
SRR11594631,,,PDT000725265.3,SAMN14669228,GCA_016490685.3,Acinetobacter baumannii
SRR3131168,,,PDT000106793.2,SAMN04446462,GCA_016540805.2,Acinetobacter baumannii
SRR24035481,,,PDT001676890.3,SAMN34029926,GCA_029535055.3,Acinetobacter baumannii
,,,PDT000892978.1,SAMN14911907,GCA_015536845.1,Acinetobacter baumannii
,,,PDT000209087.1,SAMN06837827,GCA_002138095.1,Acinetobacter pittii
,,,PDT001820021.1,SAMN36317560,GCA_030484165.1,Acinetobacter baumannii
,,,PDT001280228.1,SAMN26876091,GCA_022685345.2,Acinetobacter baumannii
SRR17304768,,,PDT001382997.1,SAMN24294095,GCA_024619525.1,Acinetobacter baumannii
SRR28516785,,,PDT002128511.1,SAMN40709488,GCA_037914165.1,Acinetobacter baumannii
,,,PDT001820121.1,SAMN36317489,GCA_030486175.1,Acinetobacter baumannii
SRR26086111,,,PDT001957368.1,SAMN37355391,GCA_033129005.1,Acinetobacter baumannii
,,,PDT000359933.1,SAMN06460849,GCA_003356815.1,Acinetobacter baumannii
,,,PDT000290046.1,SAMN07977791,GCA_002951155.1,Acinetobacter baumannii
SRR24163189,,,PDT001689463.3,SAMN34174879,GCA_029736575.3,Acinetobacter baumannii
,,,PDT000418762.2,SAMN10261616,GCA_003948305.2,Acinetobacter baumannii
,,,PDT002127186.1,SAMN38710247,GCA_037783825.1,Acinetobacter baumannii
SRR28439838,,,PDT002121898.1,SAMN40603204,GCA_037545265.1,Acinetobacter baumannii
,,,PDT000209099.1,SAMN06837817,GCA_002138315.1,Acinetobacter baumannii
SRR24995016,,,PDT001787019.2,SAMN35842597,GCA_031115815.2,Acinetobacter baumannii
SRR7452017,,,PDT000431524.1,SAMN09517667,GCA_016511395.1,Acinetobacter baumannii
,,,PDT002187400.1,SAMN41433532,GCA_040009435.1,Acinetobacter baumannii
,,,PDT000294416.1,SAMN06690281,GCA_002992305.1,Acinetobacter baumannii
,,,PDT001860352.1,SAMN36985091,GCA_030852005.1,Acinetobacter baumannii
SRR22179833,,,PDT001475602.3,SAMN31592759,GCA_026068775.3,Acinetobacter baumannii
,,,PDT002113411.1,SAMN40148024,GCA_037172115.1,Acinetobacter baumannii
,,,PDT000714365.1,SAMN14299472,GCA_011745885.1,Acinetobacter baumannii
SRR28338681,,,PDT002111884.1,SAMN40444406,GCA_037155035.1,Acinetobacter baumannii
SRR23495897,,,PDT001616946.3,SAMN33323104,GCA_028660365.3,Acinetobacter baumannii
SRR14852420,,,PDT001135431.1,SAMN19762600,GCA_020110475.1,Acinetobacter baumannii
,,,PDT000011277.2,SAMN02471247,GCA_000301855.1,Acinetobacter baumannii AB_1583-8
SRR22455505,,,PDT001505954.1,SAMN31900419,GCA_026564355.1,Acinetobacter baumannii
SRR22455524,,,PDT001505973.1,SAMN31900217,GCA_026563995.1,Acinetobacter baumannii
SRR25627026,,,PDT001852786.1,SAMN36971402,GCA_031099155.1,Acinetobacter baumannii
,,,PDT002161998.1,SAMEA114227655,GCA_962438975.1,Acinetobacter baumannii
SRR24635287,,,PDT001739882.2,SAMN35130692,GCA_031150645.2,Acinetobacter baumannii
SRR12743880,,,PDT000850551.3,SAMN16293997,GCA_016480395.3,Acinetobacter baumannii
,,,PDT001518657.1,SAMN10335340,GCA_026704895.1,Acinetobacter baumannii
,,,PDT000134717.1,SAMN04993442,GCA_001666275.1,Acinetobacter baumannii
,,,PDT001445197.1,SAMEA10885812,GCA_918856505.1,Acinetobacter baumannii
SRR18331994,,,PDT001270201.3,SAMN26677460,GCA_022624105.3,Acinetobacter baumannii
,,,PDT000606101.1,SAMD00175178,GCA_009006475.1,Acinetobacter baumannii
SRR27944459,,,PDT002076346.1,SAMN39921448,GCA_036570825.1,Acinetobacter baumannii
SRR27488313,,,PDT002051147.1,SAMN39401419,GCA_035596515.1,Acinetobacter baumannii
SRR27677774,,,PDT002061075.1,SAMN39529703,GCA_035940605.1,Acinetobacter baumannii
SRR29864484,,,PDT002257079.1,SAMN42561966,GCA_040759535.1,Acinetobacter baumannii
SRR21882310,,,PDT001451594.3,SAMN31261068,GCA_025676645.3,Acinetobacter baumannii
,,,PDT001292380.1,SAMN20599372,GCA_023001865.1,Acinetobacter baumannii
SRR17157343,,,PDT001198440.3,SAMN23741540,GCA_021105755.3,Acinetobacter baumannii
,,,PDT000928995.1,SAMN10435534,GCA_016502575.1,Acinetobacter pittii
,,,PDT002036572.1,SAMN38764061,GCA_034424765.1,Acinetobacter baumannii
SRR18825617,,,PDT001290898.3,SAMN27646559,GCA_023064895.3,Acinetobacter baumannii
SRR28217770,,,PDT002098005.1,SAMN40254317,GCA_037008885.1,Acinetobacter baumannii
SRR18748190,,,PDT001287144.3,SAMN27571695,GCA_022992305.3,Acinetobacter baumannii
SRR23978165,,,PDT001670086.3,SAMN33926979,GCA_029420455.3,Acinetobacter baumannii
,,,PDT001435583.1,SAMN19774098,GCA_025405955.1,Acinetobacter baumannii
,,,PDT000207259.1,SAMEA70023418,GCA_900161885.1,Acinetobacter baumannii
,,,PDT000767581.1,SAMN15105068,GCA_013346445.1,Acinetobacter baumannii
,,,PDT002261619.1,SAMN41055458,GCA_040786425.1,Acinetobacter baumannii
SRR13965528,,,PDT000985281.3,SAMN18313925,GCA_017362305.3,Acinetobacter baumannii
,,,PDT001580171.1,SAMN32676295,GCA_027890365.1,Acinetobacter baumannii
SRR26825413,,,PDT001986275.1,SAMN38251290,GCA_033726095.1,Acinetobacter baumannii
,,,PDT002098526.1,SAMN39242215,GCA_037007405.1,Acinetobacter baumannii
,,,PDT000941542.1,SAMN17349175,GCA_016746055.1,Acinetobacter baumannii
SRR26085932,,,PDT001957189.1,SAMN37355318,GCA_033132475.1,Acinetobacter baumannii
SRR22455871,,,PDT001506320.1,SAMN31900445,GCA_026556735.1,Acinetobacter baumannii
,,,PDT001218661.1,SAMN19523516,GCA_021387215.1,Acinetobacter baumannii
,,,PDT001603270.1,SAMN29993008,GCA_028445485.1,Acinetobacter baumannii
,,,PDT001218702.1,SAMN19523470,GCA_021388055.1,Acinetobacter pittii
SRR24631086,,,PDT001739609.2,SAMN35133131,GCA_031151975.2,Acinetobacter baumannii
,,,PDT002026710.1,SAMN37443312,GCA_034296735.1,Acinetobacter baumannii
SRR23362581,,,PDT001609369.3,SAMN33190954,GCA_028544215.3,Acinetobacter baumannii
SRR22455307,,,PDT001505756.1,SAMN31900353,GCA_026568385.1,Acinetobacter baumannii
SRR24299718,,,PDT001706434.3,SAMN34367216,GCA_031135985.2,Acinetobacter baumannii
,,,PDT000156232.1,SAMN04745444,GCA_001864555.1,Acinetobacter baumannii
SRR20755250,,,PDT001377767.3,SAMN30109967,GCA_024559885.3,Acinetobacter baumannii
SRR20755264,,,PDT001377781.3,SAMN30109954,GCA_024559625.3,Acinetobacter baumannii
SRR13619201,,,PDT000947615.3,SAMN17767319,GCA_017143135.3,Acinetobacter baumannii
,,,PDT001006787.1,SAMN16659873,GCA_017950615.1,Acinetobacter baumannii
,,,PDT001352176.1,SAMN29351696,GCA_024124285.1,Acinetobacter baumannii
SRR17304911,,,PDT001383140.1,SAMN24294052,GCA_024619285.1,Acinetobacter baumannii
SRR22455398,,,PDT001505847.1,SAMN31900764,GCA_026566495.1,Acinetobacter baumannii
,,,PDT000209536.1,SAMN06892322,GCA_002144765.1,Acinetobacter baumannii
SRR17304954,,,PDT001383183.1,SAMN24294128,GCA_024615925.1,Acinetobacter baumannii
,,,PDT001974638.1,SAMN38031132,GCA_033446285.1,Acinetobacter baumannii
,,,PDT000209570.1,SAMN06892257,GCA_002145435.1,Acinetobacter baumannii
,,,PDT000029875.1,SAMN02692989,GCA_000681955.1,Acinetobacter baumannii 26016_2
,,,PDT000605709.1,SAMD00174789,GCA_008979045.1,Acinetobacter baumannii
SRR3159158,,,PDT000106933.2,SAMN04482443,GCA_016537445.2,Acinetobacter baumannii
SRR27185924,,,PDT002025876.1,SAMN38788841,GCA_034330825.1,Acinetobacter baumannii
SRR27482369,,,PDT002050917.1,SAMN39334893,GCA_035555835.1,Acinetobacter baumannii
,,,PDT000046717.3,SAMN03084807,GCA_000810285.3,Acinetobacter baumannii
ERR486687,,,PDT000176198.2,SAMEA2272816,GCA_016515645.2,Acinetobacter baumannii
,,,PDT000605812.1,SAMD00174893,GCA_008985065.1,Acinetobacter baumannii
SRR13362846,,,PDT000928432.3,SAMN17220823,GCA_016544665.3,Acinetobacter baumannii
,,,PDT002199651.1,SAMN41020287,GCA_038418365.2,Acinetobacter baumannii
SRR17657472,,,PDT001226537.3,SAMN25076954,GCA_021613135.3,Acinetobacter baumannii
,,,PDT000468084.1,SAMN08031285,GCA_004209565.1,Acinetobacter pittii
,,,PDT001602936.1,SAMN29993300,GCA_028438305.1,Acinetobacter baumannii
,,,PDT001866893.1,SAMN12287012,GCA_030929075.1,Acinetobacter baumannii
SRR3197595,,,PDT000111407.2,SAMN04525195,GCA_016534465.2,Acinetobacter baumannii
,,,PDT001435643.1,SAMN19774213,GCA_025407165.1,Acinetobacter baumannii
,,,PDT000526465.1,SAMN08471646,GCA_006367535.1,Acinetobacter baumannii
,,,PDT000626503.2,SAMN12771910,GCA_009645915.1,Acinetobacter baumannii
SRR20002602,,,PDT001353804.3,SAMN29541893,GCA_024175625.3,Acinetobacter baumannii
,,,PDT002172132.1,SAMN41379052,GCA_039715845.1,Acinetobacter nosocomialis
SRR18687195,,,PDT001280906.3,SAMN27480508,GCA_022876045.3,Acinetobacter baumannii
,,,PDT000985095.2,SAMN18129822,GCA_017349255.2,Acinetobacter baumannii
,,,PDT001766157.1,SAMN33621496,GCA_030140025.1,Acinetobacter baumannii
,,,PDT000046686.3,SAMN03084752,GCA_000809625.3,Acinetobacter baumannii
,,,PDT001235935.1,SAMN22170067,GCA_021730415.1,Acinetobacter baumannii
,,,PDT001538603.1,SAMN30491385,GCA_027088885.1,Acinetobacter baumannii
SRR26085881,,,PDT001957138.1,SAMN37355385,GCA_033133575.1,Acinetobacter baumannii
,,,PDT000712195.1,SAMN14299647,GCA_011602685.1,Acinetobacter baumannii
SRR18163850,,,PDT001255479.3,SAMN26309876,GCA_022417395.2,Acinetobacter baumannii
,,,PDT000342102.2,SAMEA1466044,GCA_900476765.2,Acinetobacter baumannii
,,,PDT000354362.1,SAMEA104305248,GCA_900495545.1,Acinetobacter baumannii
,,,PDT001602949.1,SAMN29993287,GCA_028438565.1,Acinetobacter baumannii
,,,PDT000914420.1,SAMN16776104,GCA_016055485.1,Acinetobacter baumannii
SRR29963976,,,PDT002264259.1,SAMN42790851,GCA_040868165.1,Acinetobacter baumannii
,,,PDT002146105.1,SAMN40971036,GCA_038442585.1,Acinetobacter baumannii
,,,PDT000383115.1,SAMN09951358,GCA_003584365.1,Acinetobacter baumannii
,,,PDT001852452.1,SAMN35999051,GCA_030755895.1,Acinetobacter baumannii
SRR22455299,,,PDT001505748.1,SAMN31900651,GCA_026568495.1,Acinetobacter baumannii
,,,PDT000980438.1,SAMN15083388,GCA_017169085.1,Acinetobacter baumannii
SRR25440922,,,PDT001831231.2,SAMN36731120,GCA_031104845.2,Acinetobacter baumannii
,,,PDT001603341.1,SAMN30078469,GCA_028447645.1,Acinetobacter baumannii
,,,PDT001766025.1,SAMN31927151,GCA_030131005.1,Acinetobacter baumannii
,,,PDT000209512.1,SAMN06892226,GCA_002143625.1,Acinetobacter baumannii
SRR21982049,,,PDT001456631.3,SAMN31384146,GCA_025777955.3,Acinetobacter baumannii
SRR27175490,,,PDT002023827.1,SAMN38762140,GCA_034554535.1,Acinetobacter baumannii
SRR16520590,,,PDT001159186.3,SAMN22334925,GCA_020576985.3,Acinetobacter baumannii
SRR15376998,,,PDT001106437.3,SAMN20675037,GCA_019506985.3,Acinetobacter baumannii
SRR12519195,,,PDT000821607.3,SAMN15907196,GCA_016481405.3,Acinetobacter baumannii
SRR14852274,,,PDT001135285.1,SAMN19762732,GCA_020105455.1,Acinetobacter baumannii
,,,PDT001205181.1,SAMN16321019,GCA_021174925.1,Acinetobacter baumannii
SRR17304895,,,PDT001383124.1,SAMN24294153,GCA_024615945.1,Acinetobacter baumannii
SRR22455632,,,PDT001506081.1,SAMN31900199,GCA_026561875.1,Acinetobacter baumannii
,,,PDT000354463.1,SAMEA104305365,GCA_900496685.1,Acinetobacter nosocomialis
,,,PDT000100496.2,SAMN03996275,GCA_001471615.2,Acinetobacter sp. FDAARGOS_131
SRR22455793,,,PDT001506242.1,SAMN31900697,GCA_026558635.1,Acinetobacter baumannii
SRR3223474,,,PDT000114101.2,SAMN04549264,GCA_016527365.2,Acinetobacter baumannii
SRR11248264,,,PDT000865910.1,SAMN14308905,GCA_016478645.1,Acinetobacter baumannii
,,,PDT002162001.1,SAMEA114227664,GCA_962439605.1,Acinetobacter baumannii
SRR22455731,,,PDT001506180.1,SAMN31900812,GCA_026559995.1,Acinetobacter baumannii
,,,PDT000026006.1,SAMN02649422,GCA_000627695.1,Acinetobacter baumannii 25442_7
,,,PDT000029872.1,SAMN02692947,GCA_000681895.1,Acinetobacter baumannii 96512
SRR19462084,,,PDT001318178.3,SAMN28788562,GCA_023615725.3,Acinetobacter baumannii
SRR13619231,,,PDT000947641.3,SAMN17767292,GCA_017142505.3,Acinetobacter baumannii
SRR16610067,,,PDT001163951.3,SAMN22568409,GCA_020678725.3,Acinetobacter baumannii
ERR2688142,,,PDT000662303.1,SAMEA4780643,GCA_016844225.1,Acinetobacter baumannii
ERR564207,,,PDT000441459.1,SAMEA2376393,GCA_016510695.1,Acinetobacter baumannii
SRR3152493,,,PDT000106904.2,SAMN04480651,GCA_016538365.2,Acinetobacter baumannii
SRR14862497,,,PDT001135564.1,SAMN19774636,GCA_020100995.1,Acinetobacter baumannii
SRR26783321,,,PDT002066733.1,SAMN38198367,GCA_036249705.1,Acinetobacter baumannii
SRR12903824,,,PDT000868612.3,SAMN16552560,GCA_016608965.3,Acinetobacter baumannii
SRR18680391,,,PDT001280597.3,SAMN27407167,GCA_022881955.3,Acinetobacter baumannii
SRR16492496,,,PDT001157449.5,SAMN22404336,GCA_020606935.3,Acinetobacter baumannii
,,,PDT001218591.1,SAMN19523585,GCA_021385825.1,Acinetobacter baumannii
SRR26424107,,,PDT001947765.2,SAMN37875420,GCA_032848905.2,Acinetobacter baumannii
,,,PDT000795027.1,SAMN15505300,GCA_013449825.1,Acinetobacter pittii
,,,PDT000929022.1,SAMN12220289,GCA_016506385.1,Acinetobacter baumannii
,,,PDT001771485.1,SAMN35536112,GCA_030186745.1,Acinetobacter baumannii
ERR10431701,,,PDT001493019.1,SAMEA111505532,GCA_026300115.1,Acinetobacter baumannii
,,,PDT002247441.1,SAMN38108040,GCA_040598935.1,Acinetobacter baumannii
,,,PDT002145448.1,SAMN41005166,GCA_038434395.1,Acinetobacter baumannii
SRR23927927,,,PDT001664922.3,SAMN33841085,GCA_029328235.3,Acinetobacter baumannii
SRR19744975,,,PDT001673413.1,SAMN29132561,GCA_029488045.1,Acinetobacter baumannii
,,,PDT000642538.1,SAMN09095555,GCA_009737365.1,Acinetobacter baumannii
,,,PDT000642558.1,SAMN09095531,GCA_009737775.1,Acinetobacter baumannii
,,,PDT001877170.1,SAMN36186365,GCA_031196475.1,Acinetobacter baumannii
SRR27955595,,,PDT002077326.1,SAMN39932070,GCA_036588085.1,Acinetobacter baumannii
,,,PDT001765998.1,SAMN31927175,GCA_030129955.1,Acinetobacter baumannii
,,,PDT002345970.1,SAMN20080497,GCA_041536925.1,Acinetobacter baumannii
SRR25193058,,,PDT001811533.2,SAMN36357527,GCA_031110965.2,Acinetobacter baumannii
ERR564215,,,PDT000441467.1,SAMEA2376401,GCA_016509835.1,Acinetobacter baumannii
SRR22285607,,,PDT001495980.1,SAMN31716255,GCA_026357455.1,Acinetobacter baumannii
ERR6132562,,,PDT001200420.1,SAMEA9273478,GCA_021138875.1,Acinetobacter baumannii
,,,PDT001741469.1,SAMN27010257,GCA_029713985.1,Acinetobacter baumannii
SRR11725326,,,PDT000733297.3,SAMN14792063,GCA_016489085.3,Acinetobacter baumannii
,,,PDT000082736.1,SAMN03944735,GCA_001276085.1,Acinetobacter baumannii
,,,PDT001258900.1,SAMN25131662,GCA_022468355.1,Acinetobacter baumannii
SRR23133881,,,PDT001582364.3,SAMN32801837,GCA_028052775.3,Acinetobacter baumannii
SRR14852134,,,PDT001135145.1,SAMN19762517,GCA_020108235.1,Acinetobacter baumannii
SRR14634839,,,PDT001046061.3,SAMN19317586,GCA_018495035.3,Acinetobacter baumannii
,,,PDT000605880.1,SAMD00174961,GCA_008989245.1,Acinetobacter baumannii
SRR26086026,,,PDT001957283.1,SAMN37355640,GCA_033130895.1,Acinetobacter baumannii
,,,PDT001961340.1,SAMN37937861,GCA_033102435.1,Acinetobacter baumannii
,,,PDT002059742.1,SAMEA114010089,GCA_958320155.1,Acinetobacter baumannii
SRR14634851,,,PDT001046073.3,SAMN19317575,GCA_018517725.3,Acinetobacter baumannii
,,,PDT001321067.1,SAMN28095883,GCA_023606305.1,Acinetobacter baumannii
,,,PDT002045050.1,SAMN36721189,GCA_035022185.1,Acinetobacter baumannii
,,,PDT001765999.1,SAMN31927176,GCA_030129975.1,Acinetobacter baumannii
,,,PDT001006734.1,SAMN16659945,GCA_017949505.1,Acinetobacter baumannii
,,,PDT000023850.1,SAMN02570318,GCA_000589515.1,Acinetobacter baumannii 25253_1
SRR18748149,,,PDT001287103.3,SAMN27571670,GCA_022978175.3,Acinetobacter baumannii
,,,PDT002059573.1,SAMEA114009884,GCA_958316755.1,Acinetobacter baumannii
,,,PDT000712205.1,SAMN14299657,GCA_011603405.1,Acinetobacter baumannii
SRR3228572,,,PDT000114739.2,SAMN04555518,GCA_016520155.2,Acinetobacter baumannii
,,,PDT000971334.2,SAMN17898088,GCA_016919525.2,Acinetobacter baumannii
SRR18748154,,,PDT001287108.3,SAMN27571728,GCA_022990045.3,Acinetobacter baumannii
SRR13618090,,,PDT000947454.5,SAMN17767999,GCA_017145955.4,Acinetobacter baumannii
,,,PDT002174432.1,SAMN40205357,GCA_039769765.1,Acinetobacter baumannii
,,,PDT001887794.1,SAMN03470735,GCA_031500875.1,Acinetobacter baumannii
,,,PDT000534392.1,SAMN12087675,GCA_006492215.1,Acinetobacter baumannii
SRR3224795,,,PDT000114264.2,SAMN04549826,GCA_016524895.2,Acinetobacter baumannii
SRR16526552,,,PDT001159510.3,SAMN22487804,GCA_020569265.3,Acinetobacter baumannii
,,,PDT002187350.1,SAMN41433575,GCA_040008445.1,Acinetobacter baumannii
SRR14852316,,,PDT001135327.1,SAMN19762694,GCA_020104735.1,Acinetobacter baumannii
,,,PDT001218789.1,SAMN19523382,GCA_021389795.1,Acinetobacter baumannii
SRR14852115,,,PDT001135126.1,SAMN19762876,GCA_020108135.1,Acinetobacter baumannii
,,,PDT001321057.1,SAMN28095893,GCA_023606105.1,Acinetobacter baumannii
SRR22455233,,,PDT001505682.1,SAMN31900434,GCA_026569715.1,Acinetobacter baumannii
SRR27073128,,,PDT002017584.1,SAMN38669622,GCA_034120325.1,Acinetobacter baumannii
SRR23392265,,,PDT001611992.3,SAMN33227544,GCA_031137975.2,Acinetobacter baumannii
,,,PDT000417675.1,SAMN10249204,GCA_003941305.1,Acinetobacter baumannii
,,,PDT002247699.1,SAMN38108245,GCA_040604095.1,Acinetobacter baumannii
SRR28876224,,,PDT002153325.1,SAMN41164127,GCA_039514505.1,Acinetobacter baumannii
DRR035533,,,PDT000659766.1,SAMD00030147,GCA_016504615.1,Acinetobacter baumannii
,,,PDT000162470.2,SAMEA1709808,GCA_900118045.2,Acinetobacter baumannii
,,,PDT002130841.1,SAMN40558820,GCA_037939845.1,Acinetobacter baumannii
,,,PDT000848009.2,SAMN16092236,GCA_014719835.1,Acinetobacter seifertii
SRR26424095,,,PDT001947755.2,SAMN37875431,GCA_032849105.2,Acinetobacter baumannii
SRR26086018,,,PDT001957275.1,SAMN37355270,GCA_033131055.1,Acinetobacter baumannii
SRR3137578,,,PDT000106871.2,SAMN04450964,GCA_016539125.2,Acinetobacter baumannii
SRR25339472,,,PDT001822542.2,SAMN36617234,GCA_031107475.2,Acinetobacter baumannii
,,,PDT000534409.1,SAMN12087709,GCA_006492575.1,Acinetobacter baumannii
,,,PDT001147116.1,SAMN21876350,GCA_020256075.1,Acinetobacter baumannii
,,,PDT000837102.1,SAMN15915102,GCA_014531415.1,Acinetobacter baumannii
,,,PDT000418747.1,SAMN10261629,GCA_003947985.1,Acinetobacter pittii
SRR20700848,,,PDT001373608.3,SAMN30031165,GCA_024537495.3,Acinetobacter baumannii
ERR10812835,,,PDT001604480.1,SAMEA112328304,GCA_028469965.1,Acinetobacter baumannii
SRR30140479,,,PDT002294587.1,SAMN43040089,GCA_041082605.1,Acinetobacter baumannii
,,,PDT002247296.1,SAMN38084979,GCA_040596445.1,Acinetobacter baumannii
SRR5739088,,,PDT000866587.1,SAMN07258667,GCA_016476545.1,Acinetobacter baumannii
SRR7452015,,,PDT000431522.1,SAMN09517669,GCA_016511415.1,Acinetobacter baumannii
SRR14852496,,,PDT001135507.1,SAMN19762533,GCA_020101895.1,Acinetobacter baumannii
SRR17311646,,,PDT001210506.3,SAMN24300453,GCA_021275925.3,Acinetobacter baumannii
SRR25627022,,,PDT001852782.1,SAMN36971405,GCA_031099235.1,Acinetobacter baumannii
,,,PDT001006879.1,SAMN16659818,GCA_017952455.1,Acinetobacter baumannii
,,,PDT001741457.1,SAMN27010264,GCA_029713725.1,Acinetobacter baumannii
,,,PDT001671928.1,SAMN28776893,GCA_029440675.1,Acinetobacter baumannii
,,,PDT002145456.1,SAMN41005236,GCA_038434595.1,Acinetobacter baumannii
SRR17304797,,,PDT001383026.1,SAMN24293971,GCA_024619825.1,Acinetobacter baumannii
SRR26784255,,,PDT002066743.1,SAMN38199167,GCA_036249485.1,Acinetobacter baumannii
SRR26666476,,,PDT001967166.2,SAMN38093879,GCA_033329685.2,Acinetobacter baumannii
,,,PDT001518658.1,SAMN10335336,GCA_026704945.1,Acinetobacter baumannii
SRR27944458,,,PDT002076345.1,SAMN39921449,GCA_036571745.1,Acinetobacter baumannii
,,,PDT000914422.1,SAMN16776091,GCA_016055685.1,Acinetobacter baumannii
,,,PDT000526486.1,SAMN08471683,GCA_006367965.1,Acinetobacter baumannii
SRR12008616,,,PDT001093925.1,SAMN15232020,GCA_019305665.1,Acinetobacter baumannii
,,,PDT000238077.1,SAMN07251724,GCA_002277225.1,Acinetobacter baumannii
,,,PDT002332929.1,SAMN43154257,GCA_041402545.1,Acinetobacter baumannii
,,,PDT001741864.1,SAMN34718724,GCA_030023885.1,Acinetobacter baumannii
SRR26542849,,,PDT001955160.2,SAMN38015833,GCA_033193415.2,Acinetobacter baumannii
,,,PDT002059587.1,SAMEA114009793,GCA_958317005.1,Acinetobacter baumannii
SRR27905222,,,PDT002073691.1,SAMN39856820,GCA_036449335.1,Acinetobacter baumannii
,,,PDT001205136.1,SAMN16321063,GCA_021174025.1,Acinetobacter baumannii
,,,PDT002187383.1,SAMN41433577,GCA_040009075.1,Acinetobacter baumannii
SRR23558457,,,PDT001636271.3,SAMN33382419,GCA_028744685.3,Acinetobacter baumannii
,,,PDT001792535.1,SAMN34037484,GCA_030365535.1,Acinetobacter baumannii
,,,PDT001695704.1,SAMN34162424,GCA_029847065.1,Acinetobacter baumannii
SRR24299727,,,PDT001706443.3,SAMN34367223,GCA_031135885.2,Acinetobacter baumannii
SRR30038045,,,PDT002276706.1,SAMN42914104,GCA_040959165.1,Acinetobacter baumannii
,,,PDT000050006.1,SAMD00020338,GCA_000876075.1,Acinetobacter baumannii
,,,PDT000463740.1,SAMN10101944,GCA_004168615.1,Acinetobacter baumannii
,,,PDT001087916.1,SAMN17265992,GCA_019189205.1,Acinetobacter baumannii
SRR23919812,,,PDT001664214.3,SAMN33830201,GCA_029323295.3,Acinetobacter baumannii
SRR12743878,,,PDT000850549.3,SAMN16293999,GCA_016480605.3,Acinetobacter baumannii
DRR039801,,,PDT000173783.3,SAMD00034424,GCA_016514555.1,Acinetobacter baumannii
,,,PDT000590366.1,SAMD00182666,GCA_008581605.1,Acinetobacter baumannii
SRR3224985,,,PDT000114286.2,SAMN04549867,GCA_016524255.2,Acinetobacter baumannii
,,,PDT000837107.1,SAMN15915099,GCA_014531515.1,Acinetobacter baumannii
,,,PDT000044614.1,SAMN02911270,GCA_000787355.1,Acinetobacter baumannii
,,,PDT001538599.1,SAMN30491388,GCA_027088725.1,Acinetobacter baumannii
SRR30417891,,,PDT002342523.1,SAMN43384010,GCA_041524825.1,Acinetobacter baumannii
,,,PDT001096657.1,SAMN20295785,GCA_019336585.1,Acinetobacter baumannii
SRR27019149,,,PDT002013346.1,SAMN38572582,GCA_034048655.1,Acinetobacter baumannii
,,,PDT002230575.1,SAMN41427593,GCA_040329235.1,Acinetobacter baumannii
SRR16641515,,,PDT001165603.3,SAMN22660490,GCA_028063175.3,Acinetobacter baumannii
,,,PDT000023771.1,SAMN02415050,GCA_000587915.1,Acinetobacter baumannii 1294222
DRR039850,,,PDT000173832.2,SAMD00034473,GCA_016517065.2,Acinetobacter baumannii
SRR18825629,,,PDT001290910.3,SAMN27646548,GCA_023064695.3,Acinetobacter baumannii
,,,PDT000046724.3,SAMN03084814,GCA_000810425.3,Acinetobacter baumannii
SRR28531310,,,PDT002129695.1,SAMN40727012,GCA_037933785.1,Acinetobacter baumannii
,,,PDT001523180.1,SAMN31902075,GCA_026805225.1,Acinetobacter baumannii
,,,PDT000985088.2,SAMN18129821,GCA_017349115.2,Acinetobacter baumannii
DRR039840,,,PDT000173822.2,SAMD00034463,GCA_016517375.2,Acinetobacter baumannii
,,,PDT000046765.3,SAMN03084801,GCA_000811265.3,Acinetobacter baumannii
,,,PDT000342089.2,SAMEA1317940,GCA_900476715.2,Acinetobacter baumannii
SRR18499925,,,PDT001283642.1,SAMN27010268,GCA_022934485.1,Acinetobacter baumannii
,,,PDT000354327.1,SAMEA104305209,GCA_900494895.1,Acinetobacter baumannii
SRR11589144,,,PDT000751275.1,SAMN14669825,GCA_016487305.1,Acinetobacter baumannii
SRR23917366,,,PDT001664080.3,SAMN33828506,GCA_029316515.3,Acinetobacter baumannii
SRR14852135,,,PDT001135146.1,SAMN19762858,GCA_020111935.1,Acinetobacter baumannii
,,,PDT001488369.1,SAMN25159981,GCA_026194805.1,Acinetobacter baumannii
SRR29060015,,,PDT002167766.1,SAMN41426542,GCA_039661895.1,Acinetobacter baumannii
,,,PDT001766113.1,SAMN33621570,GCA_030139145.1,Acinetobacter baumannii
,,,PDT001961350.1,SAMN37937806,GCA_033102635.1,Acinetobacter baumannii
SRR22455175,,,PDT001505624.1,SAMN31900622,GCA_026570835.1,Acinetobacter baumannii
SRR14634861,,,PDT001046083.3,SAMN19317566,GCA_018498705.3,Acinetobacter baumannii
SRR16820312,,,PDT001170245.3,SAMN22933803,GCA_020786875.3,Acinetobacter baumannii
,,,PDT000863704.1,SAMN16351078,GCA_014882875.1,Acinetobacter baumannii
,,,PDT000683302.1,SAMN14001773,GCA_010500155.1,Acinetobacter baumannii
SRR21386380,,,PDT001407817.3,SAMN30627079,GCA_024848325.3,Acinetobacter baumannii
SRR25655170,,,PDT001852627.2,SAMN37001172,GCA_031099525.2,Acinetobacter baumannii
SRR17577003,,,PDT001221568.1,SAMN24519857,GCA_021449185.1,Acinetobacter baumannii
,,,PDT000534470.1,SAMN12087728,GCA_006493765.1,Acinetobacter baumannii
SRR11248292,,,PDT000865937.1,SAMN14308879,GCA_016478225.1,Acinetobacter baumannii
,,,PDT001771509.1,SAMN35536102,GCA_030188615.1,Acinetobacter baumannii
,,,PDT000893053.1,SAMN14911834,GCA_015538335.1,Acinetobacter baumannii
,,,PDT000387371.1,SAMN09951339,GCA_003596165.1,Acinetobacter baumannii
,,,PDT002059528.1,SAMEA114010131,GCA_958315825.1,Acinetobacter baumannii
,,,PDT001538621.1,SAMN30491398,GCA_027108955.1,Acinetobacter baumannii
,,,PDT000201423.1,SAMN06650261,GCA_002082885.1,Acinetobacter baumannii
,,,PDT001771568.1,SAMN33430971,GCA_030197975.1,Acinetobacter baumannii
,,,PDT000046706.3,SAMN03084839,GCA_000810065.3,Acinetobacter baumannii
SRR23386656,,,PDT001611515.3,SAMN33228736,GCA_028576835.3,Acinetobacter baumannii
DRR188097,,,PDT000660339.1,SAMD00178099,GCA_016498585.1,Acinetobacter baumannii
SRR26901982,,,PDT001994801.1,SAMN38348943,GCA_033879075.1,Acinetobacter baumannii
,,,PDT000134680.1,SAMN04993349,GCA_001664765.1,Acinetobacter baumannii
,,,PDT001292399.1,SAMN20599352,GCA_023002245.1,Acinetobacter baumannii
,,,PDT000863683.1,SAMN16351128,GCA_014882435.1,Acinetobacter baumannii
SRR23316573,,,PDT001600921.3,SAMN32981004,GCA_028433525.3,Acinetobacter baumannii
,,,PDT001828555.1,SAMN35731297,GCA_030541315.1,Acinetobacter baumannii
,,,PDT001435575.1,SAMN19774074,GCA_025405805.1,Acinetobacter baumannii
,,,PDT001147095.1,SAMN21876309,GCA_020255405.1,Acinetobacter baumannii
SRR30296824,,,PDT002328722.1,SAMN43258934,GCA_041352655.1,Acinetobacter baumannii
SRR30276085,,,PDT002325543.1,SAMN43227479,GCA_041343435.1,Acinetobacter baumannii
SRR24163188,,,PDT001689462.3,SAMN34174880,GCA_029736555.3,Acinetobacter baumannii
SRR14862492,,,PDT001135559.1,SAMN19774640,GCA_020109455.1,Acinetobacter baumannii
SRR22429900,,,PDT001503041.3,SAMN31836663,GCA_026476305.3,Acinetobacter baumannii
,,,PDT001321050.1,SAMN28095899,GCA_023605975.1,Acinetobacter baumannii
SRR16987655,,,PDT001179047.3,SAMN23309419,GCA_020904155.3,Acinetobacter baumannii
SRR22455469,,,PDT001505918.1,SAMN31900162,GCA_026565065.1,Acinetobacter baumannii
SRR25258705,,,PDT001816764.2,SAMN36430921,GCA_031110025.2,Acinetobacter baumannii
,,,PDT000046784.3,SAMN03084844,GCA_000811645.3,Acinetobacter baumannii
,,,PDT001695722.1,SAMN34163921,GCA_029847475.1,Acinetobacter baumannii
SRR16893816,,,PDT001172766.3,SAMN23011920,GCA_020824055.3,Acinetobacter baumannii
SRR26371365,,,PDT001925778.2,SAMN37798140,GCA_032600905.2,Acinetobacter baumannii
,,,PDT000863591.1,SAMN16351191,GCA_014880595.1,Acinetobacter baumannii
,,,PDT000156190.1,SAMN04745405,GCA_001863695.1,Acinetobacter baumannii
,,,PDT001766043.1,SAMN31927131,GCA_030131365.1,Acinetobacter baumannii
,,,PDT000526417.1,SAMN08471704,GCA_006366585.1,Acinetobacter baumannii
SRR14436845,,,PDT001019401.3,SAMN19026390,GCA_018286255.3,Acinetobacter baumannii
,,,PDT001603130.1,SAMN29993150,GCA_028442685.1,Acinetobacter baumannii
,,,PDT002247220.1,SAMN38085034,GCA_040594575.1,Acinetobacter baumannii
,,,PDT001974653.1,SAMN38021978,GCA_033446745.1,Acinetobacter baumannii
SRR26919399,,,PDT001996894.1,SAMN38371727,GCA_033941825.1,Acinetobacter baumannii
,,,PDT001538577.1,SAMN30491414,GCA_027088275.1,Acinetobacter baumannii
SRR22455460,,,PDT001505909.1,SAMN31900170,GCA_026565255.1,Acinetobacter baumannii
,,,PDT000061515.1,SAMD00020346,GCA_000949715.1,Acinetobacter nosocomialis
,,,PDT001006890.1,SAMN16659807,GCA_017952675.1,Acinetobacter baumannii
,,,PDT000092704.1,SAMN04145740,GCA_001416115.1,Acinetobacter baumannii
SRR15566296,,,PDT001114960.1,SAMN20862927,GCA_019738875.1,Acinetobacter baumannii
,,,PDT001817122.1,SAMN36008434,GCA_030448685.1,Acinetobacter baumannii
SRR14792835,,,PDT001067703.3,SAMN19677617,GCA_018868345.3,Acinetobacter baumannii
SRR25161720,,,PDT001810098.2,SAMN35877337,GCA_031112725.2,Acinetobacter baumannii
SRR10276626,,,PDT000725050.1,SAMN13028194,GCA_016491525.1,Acinetobacter baumannii
SRR28312026,,,PDT001992998.2,SAMN38334641,GCA_033861075.2,Acinetobacter baumannii
SRR29915340,,,PDT002262255.1,SAMN42738380,GCA_040810835.1,Acinetobacter baumannii
,,,PDT002247504.1,SAMN38107977,GCA_040600195.1,Acinetobacter baumannii
SRR14862514,,,PDT001135581.1,SAMN19774620,GCA_020113795.1,Acinetobacter baumannii
,,,PDT001002331.1,SAMN18594557,GCA_017837875.1,Acinetobacter nosocomialis
,,,PDT001771550.1,SAMN33430987,GCA_030197615.1,Acinetobacter baumannii
SRR11746279,,,PDT000750251.1,SAMN14867411,GCA_016487965.1,Acinetobacter baumannii
,,,PDT001877213.1,SAMN36186317,GCA_031197445.1,Acinetobacter baumannii
SRR18145521,,,PDT001254461.3,SAMN26264189,GCA_022401005.3,Acinetobacter baumannii
,,,PDT000209020.1,SAMN06837772,GCA_002136735.1,Acinetobacter baumannii
SRR20339289,,,PDT001371157.1,SAMN29862338,GCA_024482585.1,Acinetobacter baumannii
SRR13158652,,,PDT000899435.3,SAMN16940551,GCA_016471175.3,Acinetobacter baumannii
SRR29346690,,,PDT002199575.1,SAMN41778055,GCA_040124905.1,Acinetobacter baumannii
ERR6132418,,,PDT001200276.1,SAMEA9273333,GCA_021141265.1,Acinetobacter baumannii
SRR14852552,,,PDT001135523.1,SAMN19762906,GCA_020113245.1,Acinetobacter baumannii
SRR14634805,,,PDT001046028.3,SAMN19317617,GCA_018496965.3,Acinetobacter baumannii
SRR29024239,,,PDT002164570.1,SAMN41396415,GCA_039643665.1,Acinetobacter baumannii
SRR12008607,,,PDT001093916.1,SAMN15232028,GCA_019321395.1,Acinetobacter baumannii
SRR29927484,,,PDT002263259.1,SAMN42761214,GCA_040827455.1,Acinetobacter baumannii
,,,PDT000023864.1,SAMN02570431,GCA_000589795.1,Acinetobacter baumannii 45002_3
SRR24052942,,,PDT001677926.3,SAMN34055604,GCA_029579375.3,Acinetobacter baumannii
SRR26085980,,,PDT001957237.1,SAMN37355509,GCA_033169715.1,Acinetobacter baumannii
,,,PDT001512439.1,SAMN30971531,GCA_026622735.1,Acinetobacter pittii
,,,PDT001065588.1,SAMN19493851,GCA_018789235.1,Acinetobacter baumannii
,,,PDT002154397.1,SAMN41042620,GCA_039052775.1,Acinetobacter baumannii
,,,PDT000683313.1,SAMN14001787,GCA_010500415.1,Acinetobacter baumannii
SRR27606184,,,PDT002057179.1,SAMN39484723,GCA_035882415.1,Acinetobacter baumannii
SRR26495078,,,PDT001952574.2,SAMN37942153,GCA_033013825.2,Acinetobacter baumannii
SRR28399303,,,PDT002118737.1,SAMN40557120,GCA_037428995.1,Acinetobacter baumannii
,,,PDT001766180.1,SAMN33621451,GCA_030140495.1,Acinetobacter baumannii
,,,PDT001603306.1,SAMN29992973,GCA_028446205.1,Acinetobacter baumannii
,,,PDT001187962.1,SAMN21245932,GCA_021019775.1,Acinetobacter baumannii
SRR28288320,,,PDT002107499.1,SAMN40376353,GCA_037103265.1,Acinetobacter baumannii
,,,PDT000354434.1,SAMEA104305334,GCA_900496345.1,Acinetobacter baumannii
SRR13748127,,,PDT000968691.3,SAMN18006767,GCA_016976235.3,Acinetobacter baumannii
ERR1805279,,,PDT000725037.1,SAMEA54077668,GCA_016496465.1,Acinetobacter baumannii
SRR12743926,,,PDT000850594.3,SAMN16293938,GCA_016479855.3,Acinetobacter baumannii
,,,PDT000162446.2,SAMEA1709750,GCA_900118155.2,Acinetobacter baumannii
SRR14852267,,,PDT001135278.1,SAMN19762505,GCA_020105635.1,Acinetobacter baumannii
ERR10431700,,,PDT001493018.1,SAMEA111505537,GCA_026358375.1,Acinetobacter baumannii
SRR27977371,,,PDT002079988.1,SAMN39953790,GCA_036631375.1,Acinetobacter baumannii
,,,PDT002129565.1,SAMN33575616,GCA_037911715.1,Acinetobacter baumannii
SRR14852204,,,PDT001135215.1,SAMN19762795,GCA_020106735.1,Acinetobacter baumannii
