asm_acc,p_gene_lesion,r_gene_lesion
GCA_000481525.1,mexr_g55fs,mexr_q55fs
GCA_000481565.1,nald_k10fs,nald_t11fs
GCA_000481865.1,mexr_t115fs,mexr_v115fs
GCA_000581775.1,ades_k98fs,ades_i100fs
GCA_000589595.1,ades_k98fs,ades_i100fs
GCA_000627775.1,ades_k98fs,ades_i100fs
GCA_000763245.3,oprd_k127fs,oprd_v127fs
GCA_000791085.1,oprd_v346fs,oprd_n346fs
GCA_000791625.1,oprd_g146fs,oprd_a145fs
GCA_000791985.1,mexr_l24fs,mexr_i24fs
GCA_000792115.1,oprd_v59fs,oprd_s59fs
GCA_000792305.1,oprd_p109fs,oprd_l108fs
GCA_000792665.1,oprd_p405fs,oprd_a406fs
GCA_000794645.1,nald_v132fs,nald_f132fs
GCA_000795205.1,oprd_k127fs,oprd_v127fs
GCA_000795235.1,oprd_k127fs,oprd_v127fs
GCA_000795265.1,oprd_k127fs,oprd_v127fs
GCA_000795535.1,oprd_t71fs,oprd_l70fs
GCA_000795705.1,nald_p151fs,nald_v151fs
GCA_000796225.1,oprd_d304fs,oprd_f303fs
GCA_000796365.1,oprd_t391fs,oprd_m372fs
GCA_000796505.1,mexr_f92fs,mexr_s92fs
GCA_000796725.1,nald_l109fs,nald_i108fs
GCA_000796925.1,oprd_q294fs,oprd_a293fs
GCA_000811405.3,ades_k98fs,ades_i100fs
GCA_000817865.1,oprd_f69fs,oprd_g68fs
GCA_000968815.1,nald_r161fs,nald_t158fs
GCA_001007275.1,mexr_v130fs,mexr_t130fs
GCA_001007275.1,oprd_g151fs,oprd_a150fs
GCA_001007425.1,oprd_g151fs,oprd_a150fs
GCA_001007425.1,mexr_v130fs,mexr_t130fs
GCA_001010525.1,oprd_v377fs,oprd_m372fs
GCA_001023625.1,oprd_l224fs,oprd_y225fs
GCA_001023625.1,mexr_v130fs,mexr_t130fs
GCA_001023845.1,oprd_v377fs,oprd_m372fs
GCA_001024195.1,oprd_v377fs,oprd_m372fs
GCA_001033585.1,ompk35_d50fs,ompk35_g49fs
GCA_001035155.1,oprd_v377fs,oprd_m372fs
GCA_001036505.1,oprd_v377fs,oprd_m372fs
GCA_001086645.1,nald_l87fs,nald_s87fs
GCA_001086735.1,nald_l87fs,nald_s87fs
GCA_001086745.1,nald_l87fs,nald_s87fs
GCA_001086805.1,nald_l87fs,nald_s87fs
GCA_001180405.1,oprd_p403fs,oprd_m372fs
GCA_001180505.1,oprd_p403fs,oprd_m372fs
GCA_001180545.1,oprd_p403fs,oprd_m372fs
GCA_001180705.1,oprd_p403fs,oprd_m372fs
GCA_001180725.1,oprd_p403fs,oprd_m372fs
GCA_001180765.1,oprd_p403fs,oprd_m372fs
GCA_001180825.1,oprd_p403fs,oprd_m372fs
GCA_001180845.1,oprd_p403fs,oprd_m372fs
GCA_001180885.1,oprd_p403fs,oprd_m372fs
GCA_001180905.1,oprd_p403fs,oprd_m372fs
GCA_001180925.1,oprd_a31fs,oprd_q30fs
GCA_001180945.1,oprd_a31fs,oprd_q30fs
GCA_001181005.1,oprd_s97fs,oprd_d97fs
GCA_001181025.1,oprd_a31fs,oprd_q30fs
GCA_001181045.1,oprd_p403fs,oprd_m372fs
GCA_001181165.1,oprd_p403fs,oprd_m372fs
GCA_001181205.1,oprd_a31fs,oprd_q30fs
GCA_001181325.1,oprd_p403fs,oprd_m372fs
GCA_001181445.1,oprd_a31fs,oprd_q30fs
GCA_001181465.1,oprd_a31fs,oprd_q30fs
GCA_001181625.1,oprd_p403fs,oprd_m372fs
GCA_001181685.1,oprd_p403fs,oprd_m372fs
GCA_001181705.1,oprd_p403fs,oprd_m372fs
GCA_001181725.1,oprd_p403fs,oprd_m372fs
GCA_001181765.1,oprd_p403fs,oprd_m372fs
GCA_001181805.1,oprd_p403fs,oprd_m372fs
GCA_001181905.1,oprd_a31fs,oprd_q30fs
GCA_001181925.1,oprd_a31fs,oprd_q30fs
GCA_001181965.1,oprd_a31fs,oprd_q30fs
GCA_001182005.1,oprd_a31fs,oprd_q30fs
GCA_001182945.1,oprd_a31fs,oprd_q30fs
GCA_001186065.1,ompk35_l171fs,ompk35_a170fs
GCA_001293085.1,mexr_g75fs,mexr_l75fs
GCA_001414915.1,ades_k98fs,ades_i100fs
GCA_001420535.1,oprd_g35fs,oprd_f36fs
GCA_001449515.1,oprd_a123fs,oprd_r122fs
GCA_001449585.1,oprd_d304fs,oprd_f303fs
GCA_001451565.1,oprd_k127fs,oprd_v127fs
GCA_001451685.1,ampd_s71fs,ampd_h71fs
GCA_001451755.1,oprd_v129fs,oprd_k128fs
GCA_001451895.1,oprd_v129fs,oprd_k128fs
GCA_001452025.1,oprd_k115fs,oprd_r117fs
GCA_001453595.1,oprd_y305fs,oprd_y305stop
GCA_001554385.1,nald_k10fs,nald_t11fs
GCA_001554665.1,mexr_v12fs,mexr_a12fs
GCA_001554775.1,mexr_v123fs,mexr_l123fs
GCA_001554775.1,oprd_q422fs,oprd_m372fs
GCA_001601585.1,oprd_r62fs,oprd_d61fs
GCA_001623945.1,oprd_i131fs,oprd_v129fs
GCA_001623955.1,oprd_i131fs,oprd_v129fs
GCA_001721825.1,nald_v132fs,nald_f132fs
GCA_001721845.1,nald_v132fs,nald_f132fs
GCA_001766035.1,ampd_g121fs,ampd_t122fs
GCA_001766045.1,ampd_g121fs,ampd_t122fs
GCA_001792835.1,oprd_k127fs,oprd_v127fs
GCA_001792855.1,oprd_k127fs,oprd_v127fs
GCA_001837545.1,mexr_c134fs,mexr_l134fs
GCA_001870265.1,oprd_k127fs,oprd_v127fs
GCA_001874875.1,ompk35_k95fs,ompk35_t96fs
GCA_001909445.1,mexr_q83fs,mexr_r83fs
GCA_001910115.1,oprd_g158fs,oprd_q158fs
GCA_001969905.2,ompk35_n255fs,ompk35_p255fs
GCA_002104595.1,nald_s82fs,nald_g81fs
GCA_002134885.1,nald_s82fs,nald_g81fs
GCA_002134915.1,nald_s82fs,nald_g81fs
GCA_002134975.1,nald_s82fs,nald_g81fs
GCA_002145395.1,ades_k98fs,ades_i100fs
GCA_002152485.1,ompk36_t152fs,ompk36_a151fs
GCA_002152595.1,ompk35_y209fs,ompk35_y209stop
GCA_002167065.1,ompk35_y76fs,ompk35_y76stop
GCA_002167135.1,ompk35_y76fs,ompk35_y76stop
GCA_002189245.1,ompk35_l63fs,ompk35_g62fs
GCA_002211545.1,oprd_g210fs,oprd_i210fs
GCA_002239805.1,ompk35_d108fs,ompk35_y108stop
GCA_002246155.1,ompk35_d108fs,ompk35_y108stop
GCA_002246685.1,ompk35_d108fs,ompk35_y108stop
GCA_002262465.1,ompk36_d163fs,ompk36_v162fs
GCA_002283315.1,oprd_l41fs,oprd_s41fs
GCA_002312545.1,nald_r150fs,nald_c149fs
GCA_002406305.1,oprd_i131fs,oprd_v129fs
GCA_002753655.1,oprd_t291fs,oprd_l292fs
GCA_002753655.1,mexr_d56fs,mexr_q55fs
GCA_002835725.1,oprd_k127fs,oprd_v127fs
GCA_002850935.1,ompk35_s51fs,ompk35_t51fs
GCA_002851345.1,ompk35_l63fs,ompk35_g62fs
GCA_002915615.1,nald_a54fs,nald_k54fs
GCA_002968515.1,oprd_v125fs,oprd_g124fs
GCA_003000795.1,mexr_e123fs,mexr_p122fs
GCA_003034425.1,ompk35_l63fs,ompk35_g62fs
GCA_003034505.1,ompk35_l63fs,ompk35_g62fs
GCA_003055345.1,oprd_y196fs,oprd_l195fs
GCA_003071305.1,ompk35_k95fs,ompk35_t96fs
GCA_003115175.2,ompk35_y26fs,ompk35_i25fs
GCA_003175675.1,ompk35_i183fs,ompk35_a182fs
GCA_003186455.1,"oprd_-328stop,s329fs",oprd_y328stop
GCA_003194695.1,ompk35_k38fs,ompk35_m39fs
GCA_003194975.1,ompk35_n255fs,ompk35_p255fs
GCA_003195095.1,ompk35_n255fs,ompk35_p255fs
GCA_003195135.1,ompk35_n255fs,ompk35_p255fs
GCA_003204235.1,oprd_k127fs,oprd_v127fs
GCA_003204435.1,oprd_k127fs,oprd_v127fs
GCA_003204515.1,oprd_k127fs,oprd_v127fs
GCA_003204975.1,oprd_k127fs,oprd_v127fs
GCA_003227105.1,ompk35_l63fs,ompk35_g62fs
GCA_003227215.1,ompk35_l63fs,ompk35_g62fs
GCA_003227515.1,ompk35_l63fs,ompk35_g62fs
GCA_003401285.1,ompk36_g101fs,ompk36_l102fs
GCA_003441535.1,nald_s82fs,nald_g81fs
GCA_003629445.1,mexr_r20fs,mexr_v20fs
GCA_003630995.1,oprd_t289fs,oprd_f290fs
GCA_003631105.1,oprd_a227fs,oprd_g226fs
GCA_003631695.1,oprd_e384fs,oprd_m372fs
GCA_003632025.1,oprd_k392fs,oprd_m372fs
GCA_003632055.1,oprd_p405fs,oprd_a406fs
GCA_003632525.1,oprd_a404fs,oprd_m372fs
GCA_003633115.1,oprd_y214stop,oprd_372fs
GCA_003633365.1,oprd_s240fs,oprd_n239fs
GCA_003670015.1,oprd_t354fs,oprd_p353fs
GCA_003716765.1,oprd_h415fs,oprd_m372fs
GCA_003834945.1,oprd_t70fs,oprd_l70fs
GCA_003835385.1,oprd_f290fs,oprd_t291fs
GCA_003835385.1,mexr_v38fs,mexr_p38fs
GCA_003835595.1,oprd_p347fs,oprd_s349stop
GCA_003836775.1,oprd_h388fs,oprd_m372fs
GCA_003837625.1,mexr_q24fs,mexr_i24fs
GCA_003838535.1,oprd_w65fs,oprd_w65stop
GCA_003839665.1,oprd_d366fs,oprd_k365fs
GCA_003863945.1,oprd_r126fs,oprd_a126fs
GCA_003940045.1,ades_k98fs,ades_i100fs
GCA_003948725.1,ades_k98fs,ades_i100fs
GCA_003949235.1,ades_k98fs,ades_i100fs
GCA_003954555.1,oprd_g118fs,oprd_d118fs
GCA_003954715.1,ompk35_a19fs,ompk35_g18fs
GCA_003955025.1,mexr_f120fs,mexr_a121fs
GCA_003968045.1,oprd_v189fs,oprd_p186fs
GCA_003968305.1,nald_k10fs,nald_t11fs
GCA_003969965.1,oprd_t72fs,oprd_t71fs
GCA_003974695.1,nald_a15fs,nald_i15fs
GCA_003975285.1,nald_t108fs,nald_r107fs
GCA_003977135.1,ompk35_l63fs,ompk35_g62fs
GCA_004146325.1,oprd_k127fs,oprd_v127fs
GCA_004152855.1,oprd_k127fs,oprd_v127fs
GCA_004371535.1,oprd_p105fs,oprd_t105fs
GCA_004371665.1,ampd_r11fs,ampd_v10fs
GCA_004372985.1,oprd_e181fs,oprd_t181fs
GCA_004685005.1,oprd_a120fs,oprd_y120fs
GCA_004785835.1,oprd_k127fs,oprd_v127fs
GCA_004794165.2,ades_k98fs,ades_i100fs
GCA_004831225.1,ompk35_d108fs,ompk35_y108stop
GCA_005305005.1,nald_l80fs,nald_d80fs
GCA_006492055.1,ades_k98fs,ades_i100fs
GCA_007004475.1,oprd_a120fs,oprd_y120fs
GCA_007559065.1,oprd_s71fs,oprd_l70fs
GCA_008374675.1,ompk35_a231fs,ompk35_w230fs
GCA_008374835.1,ompk35_a231fs,ompk35_w230fs
GCA_008374875.1,ompk35_l63fs,ompk35_g62fs
GCA_008374935.1,ompk35_a231fs,ompk35_w230fs
GCA_008581715.1,ades_k98fs,ades_i100fs
GCA_008581785.1,ades_k98fs,ades_i100fs
GCA_008632775.1,oprd_m136fs,oprd_m135fs
GCA_008632775.1,mexr_q24fs,mexr_i24fs
GCA_008802375.1,oprd_e199fs,oprd_y199fs
GCA_008991365.1,ades_k98fs,ades_i100fs
GCA_008999955.1,ades_k98fs,ades_i100fs
GCA_009005395.1,ades_k98fs,ades_i100fs
GCA_009013035.1,ades_k98fs,ades_i100fs
GCA_009661585.1,ompk35_n255fs,ompk35_p255fs
GCA_009664165.1,oprd_f20fs,oprd_q19fs
GCA_009710125.1,ompk35_n255fs,ompk35_p255fs
GCA_009720405.1,oprd_s191stop,oprd_372fs
GCA_009734105.1,ompk35_t64fs,ompk35_l63fs
GCA_009789035.1,oprd_w277stop,oprd_372fs
GCA_009887625.1,oprd_y328fs,oprd_q327fs
GCA_009898155.1,ompk35_s167fs,ompk35_l167fs
GCA_010608475.1,oprd_q161fs,oprd_t161fs
GCA_010609065.1,oprd_e199fs,oprd_y199fs
GCA_010609585.1,nald_a55fs,nald_k54fs
GCA_011634585.1,oprd_l46fs,oprd_l45fs
GCA_011683055.1,nald_v132fs,nald_f132fs
GCA_011683115.1,nald_v132fs,nald_f132fs
GCA_011742455.1,ompk35_q69fs,ompk35_i69fs
GCA_011742505.2,ompk35_v147fs,ompk35_g147fs
GCA_011742615.1,ompk35_d108fs,ompk35_y108stop
GCA_012952425.1,ompk35_f35fs,ompk35_d34fs
GCA_012963405.1,ompk35_y76fs,ompk35_y76stop
GCA_012970345.1,ompk35_n21fs,ompk35_a20fs
GCA_012972055.1,ompk36_s49fs,ompk36_s49stop
GCA_013115365.1,oprd_g158fs,oprd_q158fs
GCA_013115725.1,oprd_e181fs,oprd_t181fs
GCA_013134005.1,ompk35_s301fs,ompk35_f300fs
GCA_013134275.1,ompk35_s301fs,ompk35_f300fs
GCA_013134315.1,ompk35_s301fs,ompk35_f300fs
GCA_013134365.1,ompk35_s301fs,ompk35_f300fs
GCA_013134445.1,ompk35_s301fs,ompk35_f300fs
GCA_013135015.1,ompk35_s301fs,ompk35_f300fs
GCA_013135155.1,ompk35_s301fs,ompk35_f300fs
GCA_013135165.1,ompk35_s301fs,ompk35_f300fs
GCA_013169255.1,oprd_t391fs,oprd_m372fs
GCA_013343335.1,oprd_n345fs,oprd_l345fs
GCA_013343455.1,oprd_l11fs,oprd_a10fs
GCA_013343475.1,oprd_a282fs,oprd_a281fs
GCA_013394475.2,oprd_a30fs,oprd_q30fs
GCA_013413815.1,ompk35_s301fs,ompk35_f300fs
GCA_013433325.1,mexr_t115fs,mexr_v115fs
GCA_013619405.1,oprd_a281fs,oprd_y283fs
GCA_013619915.1,oprd_l224fs,oprd_y225fs
GCA_013620245.1,ampd_c107fs,ampd_r107fs
GCA_013912665.1,oprd_g80fs,oprd_q79fs
GCA_013913035.1,oprd_f148fs,oprd_v147fs
GCA_014117765.1,ompk35_y76fs,ompk35_y76stop
GCA_014282545.1,ompk35_e89fs,ompk35_v88fs
GCA_014286205.1,ompk35_e101fs,ompk35_f100fs
GCA_014526175.1,ompk35_y26fs,ompk35_i25fs
GCA_014835205.1,ompk36_q258fs,ompk36_t258fs
GCA_014901215.1,ompk35_f166fs,ompk35_d165fs
GCA_015209295.1,ompk35_n255fs,ompk35_p255fs
GCA_015317475.1,oprd_p113fs,oprd_d113fs
GCA_015317565.1,oprd_p113fs,oprd_d113fs
GCA_015317575.1,oprd_p113fs,oprd_d113fs
GCA_015317705.1,oprd_p113fs,oprd_d113fs
GCA_015317755.1,oprd_q421fs,oprd_n421fs
GCA_015317795.1,oprd_q421fs,oprd_n421fs
GCA_015317825.1,oprd_q421fs,oprd_n421fs
GCA_015317845.1,oprd_p113fs,oprd_d113fs
GCA_015626645.1,oprd_a341fs,oprd_q340fs
GCA_015645815.1,ompk35_n255fs,ompk35_p255fs
GCA_015733205.1,oprd_g35fs,oprd_f36fs
GCA_015733475.1,mexr_l24fs,mexr_i24fs
GCA_015733505.1,mexr_l24fs,mexr_i24fs
GCA_015733765.1,mexr_l24fs,mexr_i24fs
GCA_015734185.1,oprd_g70fs,oprd_l70fs
GCA_015734195.1,oprd_g70fs,oprd_l70fs
GCA_015734275.1,mexr_l24fs,mexr_i24fs
GCA_015735005.1,oprd_g70fs,oprd_l70fs
GCA_015735355.1,oprd_t131fs,oprd_r130fs
GCA_015735865.1,oprd_l289fs,oprd_t289fs
GCA_015736105.1,mexr_t35fs,mexr_l35fs
GCA_015736765.1,nald_p78fs,nald_g78fs
GCA_015737345.1,oprd_g378fs,oprd_m372fs
GCA_015738345.1,mexr_t35fs,mexr_l35fs
GCA_015738465.1,oprd_t216fs,oprd_i216fs
GCA_015764425.1,nald_v132fs,nald_f132fs
GCA_015764965.1,oprd_d111fs,oprd_n112fs
GCA_015765115.1,oprd_g70fs,oprd_l70fs
GCA_015766485.1,oprd_g211fs,oprd_g212fs
GCA_016009775.1,oprd_g226fs,oprd_y225fs
GCA_016009835.1,oprd_g335fs,oprd_p334fs
GCA_016009985.1,oprd_g335fs,oprd_p334fs
GCA_016009995.1,oprd_g423fs,oprd_m372fs
GCA_016012715.1,mexr_c24fs,mexr_i24fs
GCA_016012735.1,nald_t154fs,nald_h154fs
GCA_016055445.1,ompk35_k95fs,ompk35_t96fs
GCA_016055775.1,oprd_d318fs,oprd_g317fs
GCA_016089495.1,oprd_w277stop,oprd_372fs
GCA_016089495.1,ampd_y65fs,ampd_p64fs
GCA_016090315.1,"oprd_g35fs,y196fs",oprd_f36fs
GCA_016091075.1,mexr_e82fs,mexr_v81fs
GCA_016137555.1,ompk35_l63fs,ompk35_g62fs
GCA_016137905.1,ompk35_g90fs,ompk35_e89fs
GCA_016138395.1,ompk35_n255fs,ompk35_p255fs
GCA_016138575.1,ompk35_n255fs,ompk35_p255fs
GCA_016138595.1,ompk35_n255fs,ompk35_p255fs
GCA_016138825.1,ompk35_n255fs,ompk35_p255fs
GCA_016139035.1,ompk35_n255fs,ompk35_p255fs
GCA_016139065.1,ompk35_n255fs,ompk35_p255fs
GCA_016338885.1,oprd_h288fs,oprd_a287fs
GCA_016339265.1,oprd_h288fs,oprd_a287fs
GCA_016339425.1,oprd_l11fs,oprd_a10fs
GCA_016339985.1,oprd_k95fs,oprd_l94fs
GCA_016341085.1,oprd_k396fs,oprd_m372fs
GCA_016341505.1,oprd_t217fs,oprd_i216fs
GCA_016341505.1,ampd_s71fs,ampd_h71fs
GCA_016486385.1,ades_k98fs,ades_i100fs
GCA_016525615.2,ades_d59fs,ades_v59fs
GCA_016527485.2,ades_d59fs,ades_v59fs
GCA_016529705.2,ades_d59fs,ades_v59fs
GCA_016651875.1,ompk35_l63fs,ompk35_g62fs
GCA_016652005.1,ompk35_l63fs,ompk35_g62fs
GCA_016652045.1,ompk35_l63fs,ompk35_g62fs
GCA_016681025.1,oprd_g35fs,oprd_f36fs
GCA_016761845.1,ompk35_h43fs,ompk35_e42fs
GCA_016761995.1,ompk35_v12fs,ompk35_p12fs
GCA_016762065.1,ompk35_e76fs,ompk35_g75fs
GCA_016762355.1,ompk35_w44fs,ompk35_h43fs
GCA_016807605.1,ompk35_l63fs,ompk35_g62fs
GCA_016820015.1,oprd_d401fs,oprd_m372fs
GCA_016820095.1,oprd_d366fs,oprd_k365fs
GCA_016836445.1,nald_p78fs,nald_g78fs
GCA_016836445.1,oprd_a404fs,oprd_m372fs
GCA_016836485.1,oprd_w277stop,oprd_372fs
GCA_016836505.1,oprd_w277stop,oprd_372fs
GCA_016836605.1,oprd_w277stop,oprd_372fs
GCA_016836615.1,oprd_w277stop,oprd_372fs
GCA_016921375.1,oprd_p403fs,oprd_m372fs
GCA_016921805.1,oprd_a31fs,oprd_q30fs
GCA_016921935.1,oprd_a200fs,oprd_y199fs
GCA_016922035.1,oprd_q301stop,oprd_372fs
GCA_016922115.1,oprd_w277stop,oprd_372fs
GCA_016922585.1,oprd_a31fs,oprd_q30fs
GCA_016923395.2,oprd_a31fs,oprd_q30fs
GCA_016925275.1,ompk35_d108fs,ompk35_y108stop
GCA_016925415.1,ompk35_d108fs,ompk35_y108stop
GCA_016925455.1,oprd_e196fs,oprd_y196stop
GCA_017168665.1,oprd_e196fs,oprd_y196stop
GCA_017168675.1,oprd_e196fs,oprd_y196stop
GCA_017357925.1,ompk36_n141fs,ompk36_d140fs
GCA_017565865.1,ompk35_t44fs,ompk35_v44fs
GCA_017599505.1,mexr_v38fs,mexr_p38fs
GCA_017693625.1,oprd_g35fs,oprd_f36fs
GCA_017972055.1,ompk35_y76fs,ompk35_y76stop
GCA_017972465.1,ompk35_a231fs,ompk35_w230fs
GCA_017972805.1,ompk35_a231fs,ompk35_w230fs
GCA_017975695.1,ompk35_k95fs,ompk35_t96fs
GCA_017975875.1,ompk35_l63fs,ompk35_g62fs
GCA_017975975.1,ompk35_s301fs,ompk35_f300fs
GCA_018027075.1,oprd_s131fs,oprd_i131fs
GCA_018027305.1,ampd_a141fs,ampd_l141fs
GCA_018027475.1,nald_r128fs,nald_e127fs
GCA_018108075.1,ompk35_s301fs,ompk35_f300fs
GCA_018108925.1,ompk35_y26fs,ompk35_i25fs
GCA_018109155.1,ompk35_s301fs,ompk35_f300fs
GCA_018274555.1,ompk35_n255fs,ompk35_p255fs
GCA_018279265.1,oprd_h415fs,oprd_m372fs
GCA_018283475.1,ompk35_e76fs,ompk35_g75fs
GCA_018350395.1,ompk35_l63fs,ompk35_g62fs
GCA_018420495.1,ompk35_n255fs,ompk35_p255fs
GCA_018420615.1,ompk36_v124fs,ompk36_s124fs
GCA_018422685.1,ompk35_l33fs,ompk35_k32fs
GCA_018438385.1,ompk35_d108fs,ompk35_y108stop
GCA_018438505.1,ompk35_n255fs,ompk35_p255fs
GCA_018438945.1,ompk35_d108fs,ompk35_y108stop
GCA_018441845.1,oprd_l238fs,oprd_y237fs
GCA_018441945.1,ompk35_s301fs,ompk35_f300fs
GCA_018444865.1,ompk35_d108fs,ompk35_y108stop
GCA_018445175.1,ompk35_l63fs,ompk35_g62fs
GCA_018445405.1,ompk35_l63fs,ompk35_g62fs
GCA_018445445.1,ompk35_l63fs,ompk35_g62fs
GCA_018445905.1,ompk36_y137fs,ompk36_t136fs
GCA_018447515.1,ampd_v86fs,ampd_a85fs
GCA_018454005.3,ades_k98fs,ades_i100fs
GCA_018457125.1,oprd_w277stop,oprd_372fs
GCA_018551515.1,oprd_k387fs,oprd_m372fs
GCA_018682535.1,ompk35_a85fs,ompk35_d84fs
GCA_018863315.1,ades_k98fs,ades_i100fs
GCA_019022575.1,oprd_s273fs,oprd_i272fs
GCA_019149365.1,ompk35_l63fs,ompk35_g62fs
GCA_019165785.1,cira_k296fs,cira_v297fs
GCA_019167005.1,oprd_s11fs,oprd_l11fs
GCA_019220245.1,ompk35_d108fs,ompk35_y108stop
GCA_019220325.1,ompk35_d108fs,ompk35_y108stop
GCA_019281295.1,mexr_p10fs,mexr_m10fs
GCA_019287095.1,ompk35_d108fs,ompk35_y108stop
GCA_019317065.1,ompk35_d108fs,ompk35_y108stop
GCA_019317265.1,ompk35_d108fs,ompk35_y108stop
GCA_019392015.1,ompk35_y76fs,ompk35_y76stop
GCA_019392115.1,ompk35_l63fs,ompk35_g62fs
GCA_019400855.1,oprd_k127fs,oprd_v127fs
GCA_019429795.1,oprd_h415fs,oprd_m372fs
GCA_019434135.1,oprd_l342fs,oprd_a341fs
GCA_019686355.1,oprd_d366fs,oprd_k365fs
GCA_019686495.1,oprd_g106fs,oprd_t105fs
GCA_019686525.1,oprd_l136fs,oprd_l136stop
GCA_019686665.1,oprd_q67fs,oprd_t66fs
GCA_019686755.1,oprd_y342fs,oprd_r342fs
GCA_019686785.1,mexr_p38fs,mexr_d39fs
GCA_019686855.1,oprd_a30fs,oprd_q30fs
GCA_019686895.1,oprd_q327stop,oprd_372fs
GCA_019687095.1,oprd_s71fs,oprd_l70fs
GCA_019687135.1,oprd_q422fs,oprd_m372fs
GCA_019687325.1,oprd_g151fs,oprd_g152fs
GCA_019687395.1,oprd_y305fs,oprd_y305stop
GCA_019687835.1,oprd_q297fs,oprd_v297fs
GCA_019687895.1,oprd_g158fs,oprd_q158fs
GCA_019687935.1,oprd_g158fs,oprd_q158fs
GCA_019687975.1,ampd_f113fs,ampd_d112fs
GCA_019687995.1,oprd_w277stop,oprd_372fs
GCA_019688095.1,oprd_g114fs,oprd_d113fs
GCA_019688515.1,oprd_a19fs,oprd_q19fs
GCA_019690195.1,oprd_q158fs,oprd_p157fs
GCA_019690335.1,oprd_p155fs,oprd_l155fs
GCA_019690375.1,ampd_g145fs,ampd_a145fs
GCA_019690395.1,oprd_p155fs,oprd_l155fs
GCA_019690535.1,nald_m152fs,nald_v151fs
GCA_019690555.1,oprd_q340fs,oprd_w339fs
GCA_019690605.1,oprd_p155fs,oprd_l155fs
GCA_019690745.1,oprd_p155fs,oprd_l155fs
GCA_019690775.1,oprd_p155fs,oprd_l155fs
GCA_019691135.1,oprd_p155fs,oprd_l155fs
GCA_019710495.1,mexr_q86fs,mexr_n86fs
GCA_019711215.1,oprd_q340fs,oprd_w339fs
GCA_019731895.1,ompk35_y76fs,ompk35_y76stop
GCA_019738995.2,mexr_q86fs,mexr_n86fs
GCA_019758955.1,"oprd_e38fs,i442fs",oprd_i37fs
GCA_019800085.1,oprd_-378stop,oprd_m372fs
GCA_019857565.1,oprd_k201fs,oprd_a200fs
GCA_019857585.1,oprd_k201fs,oprd_a200fs
GCA_019909885.1,oprd_k201fs,oprd_a200fs
GCA_019911485.1,oprd_k201fs,oprd_a200fs
GCA_019911745.1,oprd_k201fs,oprd_a200fs
GCA_019913205.1,oprd_k201fs,oprd_a200fs
GCA_019913225.1,oprd_k201fs,oprd_a200fs
GCA_020036335.1,ampd_l119fs,ampd_e118fs
GCA_020036605.1,oprd_p157fs,oprd_q158fs
GCA_020036775.1,oprd_n374fs,oprd_m372fs
GCA_020119235.1,ompk35_l63fs,ompk35_g62fs
GCA_020120115.1,ompk35_l63fs,ompk35_g62fs
GCA_020180415.1,oprd_e196fs,oprd_y196stop
GCA_020180595.1,oprd_e196fs,oprd_y196stop
GCA_020180645.1,oprd_e196fs,oprd_y196stop
GCA_020294745.1,ompk35_k38fs,ompk35_m39fs
GCA_020295065.1,ompk35_g175fs,ompk35_k176stop
GCA_020406275.1,oprd_k201fs,oprd_a200fs
GCA_020406315.1,oprd_k201fs,oprd_a200fs
GCA_020406535.1,oprd_k201fs,oprd_a200fs
GCA_020532025.1,ades_k98fs,ades_i100fs
GCA_020639895.1,mexr_s22fs,mexr_r21fs
GCA_020771675.1,oprd_g211fs,oprd_g212fs
GCA_020907765.1,oprd_y196fs,oprd_y196stop
GCA_021012805.1,nald_v132fs,nald_f132fs
GCA_021061445.1,oprd_k295fs,oprd_q295fs
GCA_021061705.1,oprd_w277stop,oprd_372fs
GCA_021135615.1,ompk35_l63fs,ompk35_g62fs
GCA_021136875.1,ompk35_l63fs,ompk35_g62fs
GCA_021137215.1,ompk35_k185fs,ompk35_i183fs
GCA_021184265.1,oprd_f142fs,oprd_m141fs
GCA_021295015.1,oprd_r150fs,oprd_a150fs
GCA_021391255.1,oprd_k127fs,oprd_v127fs
GCA_021395565.1,ompk35_y26fs,ompk35_i25fs
GCA_021395755.1,ompk35_y26fs,ompk35_i25fs
GCA_021401525.1,mexr_a12fs,mexr_p11fs
GCA_021456595.1,ompk35_y76fs,ompk35_y76stop
GCA_021460965.1,ompk35_g81fs,ompk35_y81fs
GCA_021461005.1,ompk35_g81fs,ompk35_y81fs
GCA_021497445.1,oprd_s59fs,oprd_d61fs
GCA_021584595.3,oprd_p157fs,oprd_q158fs
GCA_021584975.1,oprd_w277stop,oprd_372fs
GCA_021585415.1,oprd_f301fs,oprd_q301fs
GCA_021585415.1,nald_s82fs,nald_g81fs
GCA_021585435.1,nald_s82fs,nald_g81fs
GCA_021585435.1,oprd_e185fs,oprd_k184fs
GCA_021585595.1,"oprd_-427stop,g423fs",oprd_m372fs
GCA_021586335.1,nald_s82fs,nald_g81fs
GCA_021586435.1,nald_s82fs,nald_g81fs
GCA_021586535.1,oprd_d255fs,oprd_f256fs
GCA_021586575.1,nald_s82fs,nald_g81fs
GCA_021586835.1,oprd_w277stop,oprd_372fs
GCA_021586855.1,oprd_g16fs,oprd_a15fs
GCA_021587085.1,oprd_a19fs,oprd_q19fs
GCA_021588265.1,nald_s82fs,nald_g81fs
GCA_021588285.1,nald_s82fs,nald_g81fs
GCA_021588425.1,nald_s82fs,nald_g81fs
GCA_021588505.1,oprd_s199fs,oprd_t198fs
GCA_021588525.1,oprd_s199fs,oprd_t198fs
GCA_021588585.1,nald_s82fs,nald_g81fs
GCA_021588665.1,nald_s82fs,nald_g81fs
GCA_021588725.1,nald_s82fs,nald_g81fs
GCA_021588745.1,oprd_a19fs,oprd_t18fs
GCA_021589485.1,oprd_f327fs,oprd_q327fs
GCA_021589485.1,nald_s82fs,nald_g81fs
GCA_021589685.1,oprd_g317fs,oprd_g316fs
GCA_021589765.1,mexr_i100fs,mexr_e100fs
GCA_021589805.1,oprd_p157fs,oprd_q158fs
GCA_021590125.1,oprd_g317fs,oprd_g316fs
GCA_021590525.1,oprd_w277stop,oprd_372fs
GCA_021590605.1,oprd_g317fs,oprd_g316fs
GCA_021590685.1,nald_s82fs,nald_g81fs
GCA_021590965.3,oprd_e196fs,oprd_y196stop
GCA_021592465.1,mexr_a107fs,mexr_h107fs
GCA_021592465.1,oprd_l289fs,oprd_f290fs
GCA_021592545.1,oprd_g68fs,oprd_q67fs
GCA_021592745.1,mexr_m108fs,mexr_a108fs
GCA_021592865.1,oprd_a31fs,oprd_q30fs
GCA_021593025.1,oprd_l190fs,oprd_k190fs
GCA_021593325.1,oprd_a31fs,oprd_q30fs
GCA_021594065.1,oprd_t352fs,oprd_v352fs
GCA_021594605.1,oprd_l46fs,oprd_l45fs
GCA_021594665.1,oprd_t352fs,oprd_v352fs
GCA_021596085.1,oprd_q67fs,oprd_g68fs
GCA_021601805.1,oprd_p157fs,oprd_q158fs
GCA_021601845.3,oprd_p157fs,oprd_q158fs
GCA_021601885.1,oprd_p157fs,oprd_q158fs
GCA_021601945.3,oprd_g151fs,oprd_g152fs
GCA_021602105.1,oprd_f20fs,oprd_q19fs
GCA_021603625.1,oprd_d117fs,oprd_d118stop
GCA_021603685.1,ampd_a139fs,ampd_t139fs
GCA_021603965.1,oprd_a144fs,oprd_q142fs
GCA_021610065.1,oprd_a144fs,oprd_q142fs
GCA_021610085.1,oprd_l136fs,oprd_l136stop
GCA_021610205.1,oprd_p405fs,oprd_a406fs
GCA_021610245.1,oprd_p405fs,oprd_a406fs
GCA_021610265.1,oprd_s25fs,oprd_d24fs
GCA_021610365.1,oprd_p405fs,oprd_a406fs
GCA_021610645.3,oprd_w276fs,oprd_t275fs
GCA_021614555.1,oprd_w277stop,oprd_372fs
GCA_021614655.1,oprd_w277stop,oprd_372fs
GCA_021642445.1,oprd_w277stop,oprd_372fs
GCA_021642465.1,nald_l109fs,nald_i108fs
GCA_021642465.1,oprd_y195fs,oprd_l195fs
GCA_021642825.3,oprd_w277stop,oprd_372fs
GCA_021643225.1,oprd_s99fs,oprd_g98fs
GCA_021643725.3,oprd_e32fs,oprd_a31fs
GCA_021643745.3,oprd_w277stop,oprd_372fs
GCA_021644505.2,oprd_d54fs,oprd_r53fs
GCA_021645345.3,nald_r159fs,nald_p159fs
GCA_021645345.3,oprd_k385fs,oprd_y384fs
GCA_021645505.1,oprd_n416fs,oprd_m372fs
GCA_021645725.3,oprd_k385fs,oprd_y384fs
GCA_021645725.3,nald_r159fs,nald_p159fs
GCA_021645835.3,oprd_a31fs,oprd_q30fs
GCA_021645885.3,oprd_r342fs,oprd_a341fs
GCA_021645905.3,oprd_k385fs,oprd_y384fs
GCA_021645905.3,nald_r159fs,nald_p159fs
GCA_021646285.2,nald_r159fs,nald_p159fs
GCA_021646285.2,oprd_k385fs,oprd_y384fs
GCA_021651435.1,oprd_n375fs,oprd_t370fs
GCA_021651495.1,mexr_l28fs,mexr_e27fs
GCA_021651515.1,oprd_v350fs,oprd_s349fs
GCA_021651855.1,oprd_r58fs,oprd_g58fs
GCA_021651935.1,oprd_g211fs,oprd_g212fs
GCA_021652115.1,oprd_g35fs,oprd_f36fs
GCA_021652335.1,oprd_y305fs,oprd_306fs
GCA_021652955.1,ampd_a76fs,ampd_s75fs
GCA_021653175.1,mexr_l24fs,mexr_i24fs
GCA_021653475.1,oprd_s28fs,oprd_v27fs
GCA_021655515.1,ompk36_l241fs,ompk36_t244stop
GCA_021656115.1,oprd_q301stop,oprd_372fs
GCA_021656315.1,oprd_f289fs,oprd_d286fs
GCA_021656315.1,nald_t154fs,nald_h154fs
GCA_021657775.1,oprd_i131fs,oprd_v129fs
GCA_021657835.1,oprd_y384stop,oprd_m372fs
GCA_021658595.1,oprd_d60fs,oprd_s59fs
GCA_021658615.1,nald_m152fs,nald_v151fs
GCA_021658615.1,oprd_s71fs,oprd_l70fs
GCA_021658955.1,oprd_p185fs,oprd_e185fs
GCA_021659775.1,oprd_r126fs,oprd_a126fs
GCA_021659835.1,oprd_r352fs,oprd_p353fs
GCA_021659915.1,mexr_l28fs,mexr_e27fs
GCA_021660655.1,oprd_p185fs,oprd_e185fs
GCA_021660675.1,oprd_i131fs,oprd_v129fs
GCA_021661455.1,oprd_s99fs,oprd_g98fs
GCA_021661635.3,oprd_s71fs,oprd_l70fs
GCA_021661875.1,nald_k10fs,nald_t11fs
GCA_021664695.3,mexr_l28fs,mexr_e27fs
GCA_021665215.3,oprd_e386fs,oprd_g385fs
GCA_021665335.3,oprd_w6fs,oprd_k5fs
GCA_021665695.3,oprd_p157fs,oprd_q158fs
GCA_021665715.3,oprd_a31fs,oprd_q30fs
GCA_021666055.1,oprd_a31fs,oprd_q30fs
GCA_021666315.3,oprd_a31fs,oprd_q30fs
GCA_021666355.3,oprd_a31fs,oprd_q30fs
GCA_021666455.1,oprd_a31fs,oprd_q30fs
GCA_021666535.1,mexr_l28fs,mexr_e27fs
GCA_021666535.1,oprd_e386stop,oprd_m372fs
GCA_021667795.1,oprd_g317fs,oprd_g316fs
GCA_021668515.1,oprd_g151fs,oprd_g152fs
GCA_021669915.1,oprd_f20fs,oprd_q19fs
GCA_021670035.1,oprd_g105fs,oprd_t105fs
GCA_021670275.1,oprd_f20fs,oprd_q19fs
GCA_021670755.1,oprd_e264stop,oprd_372fs
GCA_021671495.1,nald_s82fs,nald_g81fs
GCA_021671555.1,nald_s82fs,nald_g81fs
GCA_021671575.1,nald_s82fs,nald_g81fs
GCA_021671615.1,nald_s82fs,nald_g81fs
GCA_021671615.1,oprd_w60fs,oprd_s59fs
GCA_021671655.1,nald_s82fs,nald_g81fs
GCA_021671655.1,oprd_w60fs,oprd_s59fs
GCA_021671675.1,nald_s82fs,nald_g81fs
GCA_021671695.1,nald_s82fs,nald_g81fs
GCA_021671715.1,nald_s82fs,nald_g81fs
GCA_021671735.1,nald_s82fs,nald_g81fs
GCA_021671775.1,nald_s82fs,nald_g81fs
GCA_021671855.1,nald_s82fs,nald_g81fs
GCA_021671975.1,nald_s82fs,nald_g81fs
GCA_021672035.1,nald_s82fs,nald_g81fs
GCA_021672255.1,oprd_y70fs,oprd_l70fs
GCA_021673015.1,oprd_f20fs,oprd_q19fs
GCA_021673075.1,nald_p78fs,nald_g78fs
GCA_021674715.1,oprd_s191stop,oprd_372fs
GCA_021674775.1,oprd_q301stop,oprd_372fs
GCA_021674975.1,oprd_g67fs,oprd_t66fs
GCA_021675815.1,oprd_q235stop,oprd_372fs
GCA_021676015.1,oprd_q235stop,oprd_372fs
GCA_021677115.1,oprd_p146fs,oprd_v147fs
GCA_021677215.1,oprd_h288fs,oprd_a287fs
GCA_021677675.1,oprd_h288fs,oprd_a287fs
GCA_021677755.1,nald_r159fs,nald_p159fs
GCA_021678275.1,oprd_f20fs,oprd_q19fs
GCA_021678815.1,nald_p78fs,nald_g78fs
GCA_021679535.1,oprd_y384fs,oprd_y384stop
GCA_021680135.1,oprd_w277stop,oprd_372fs
GCA_021680295.1,oprd_q429stop,oprd_m372fs
GCA_021680935.1,oprd_r342fs,oprd_a341fs
GCA_021681115.1,oprd_s71fs,oprd_l70fs
GCA_021682375.1,oprd_g13fs,oprd_s14fs
GCA_021682695.1,oprd_n421fs,oprd_a420fs
GCA_021684195.1,oprd_w277stop,oprd_372fs
GCA_021684415.1,oprd_h298fs,oprd_v297fs
GCA_021685355.1,oprd_g118fs,oprd_d118fs
GCA_021685375.1,oprd_g70fs,oprd_l70fs
GCA_021687055.1,mexr_d51fs,mexr_r50fs
GCA_021687275.1,oprd_a293fs,oprd_l292fs
GCA_021687695.3,mexr_i19fs,mexr_h19fs
GCA_021687835.1,oprd_p157fs,oprd_q158fs
GCA_021695895.1,oprd_p105fs,oprd_t105fs
GCA_021695995.1,oprd_p105fs,oprd_t105fs
GCA_021696295.1,oprd_p105fs,oprd_t105fs
GCA_021696795.1,oprd_p105fs,oprd_t105fs
GCA_021697205.1,oprd_p105fs,oprd_t105fs
GCA_021697375.1,oprd_p105fs,oprd_t105fs
GCA_021701375.1,oprd_p105fs,oprd_t105fs
GCA_021703595.1,oprd_p105fs,oprd_t105fs
GCA_021705855.1,oprd_q18fs,oprd_t18fs
GCA_021706055.3,nald_s82fs,nald_g81fs
GCA_021706075.3,oprd_e196fs,oprd_y196stop
GCA_021709455.1,oprd_t201fs,oprd_a200fs
GCA_021710275.1,oprd_l46fs,oprd_l45fs
GCA_021710855.1,oprd_l46fs,oprd_l45fs
GCA_021710875.1,oprd_q235stop,oprd_372fs
GCA_021710895.1,oprd_w277stop,oprd_372fs
GCA_021712615.1,oprd_l224fs,oprd_y225fs
GCA_021712935.1,oprd_l224fs,oprd_y225fs
GCA_021716455.3,oprd_p347fs,oprd_s349stop
GCA_021752825.1,oprd_t391fs,oprd_m372fs
GCA_021783635.1,ompk35_i120fs,ompk35_a119fs
GCA_021808965.1,ompk35_n255fs,ompk35_p255fs
GCA_021814045.1,cira_f362fs,cira_l361fs
GCA_021836935.1,ompk35_n255fs,ompk35_p255fs
GCA_021838235.1,ompk35_s301fs,ompk35_f300fs
GCA_021863145.1,ompk35_d108fs,ompk35_y108stop
GCA_021873055.1,cira_w411fs,cira_g410fs
GCA_021874655.1,ompk35_y76fs,ompk35_y76stop
GCA_021878655.1,cira_f362fs,cira_l361fs
GCA_021879475.1,ompk35_d108fs,ompk35_y108stop
GCA_021891495.1,oprd_q301stop,oprd_372fs
GCA_021891535.1,oprd_q301stop,oprd_372fs
GCA_021891605.1,oprd_q301stop,oprd_372fs
GCA_021891875.1,oprd_a31fs,oprd_q30fs
GCA_021896055.1,ompk35_e63fs,ompk35_l63fs
GCA_021905015.1,ompk35_y76fs,ompk35_y76stop
GCA_021919355.1,cira_f362fs,cira_l361fs
GCA_021924485.1,cira_f362fs,cira_l361fs
GCA_021930655.3,ompk35_l63fs,ompk35_g62fs
GCA_021930795.1,ompk35_s301fs,ompk35_f300fs
GCA_021931375.1,ompk35_d108fs,ompk35_y108stop
GCA_021931455.1,ompk35_d108fs,ompk35_y108stop
GCA_021931775.1,ompk35_d108fs,ompk35_y108stop
GCA_021934295.1,ompk35_s301fs,ompk35_f300fs
GCA_021934355.1,ompk36_v124fs,ompk36_t123fs
GCA_021937535.1,ompk35_s301fs,ompk35_f300fs
GCA_021941075.1,ompk35_n255fs,ompk35_p255fs
GCA_021943155.1,ompk36_d331fs,ompk36_m331stop
GCA_021953845.1,ompk35_y76fs,ompk35_y76stop
GCA_021953985.1,ompk35_d108fs,ompk35_y108stop
GCA_021956425.1,ompk35_a85fs,ompk35_d84fs
GCA_021959405.1,ompk35_q92fs,ompk35_s91fs
GCA_021959465.1,ompk35_q92fs,ompk35_s91fs
GCA_021961965.1,ompk35_a85fs,ompk35_d84fs
GCA_021962395.1,ompk35_a85fs,ompk35_d84fs
GCA_021963125.1,ompk35_l63fs,ompk35_g62fs
GCA_021965675.1,ompk35_a85fs,ompk35_d84fs
GCA_021965935.1,ompk35_a85fs,ompk35_d84fs
GCA_021965995.1,ompk35_a85fs,ompk35_d84fs
GCA_021967955.1,ompk35_a85fs,ompk35_d84fs
GCA_021971315.3,ompk35_n255fs,ompk35_p255fs
GCA_021976995.1,cira_f362fs,cira_l361fs
GCA_021979755.1,cira_f362fs,cira_l361fs
GCA_021980555.1,ompk35_d108fs,ompk35_y108stop
GCA_021982535.1,ompk35_d108fs,ompk35_y108stop
GCA_021983235.1,ompk35_d108fs,ompk35_y108stop
GCA_021983595.1,ompk35_d108fs,ompk35_y108stop
GCA_021984095.1,ompk35_d108fs,ompk35_y108stop
GCA_021985055.1,ompk35_d217fs,ompk35_d217stop
GCA_021987075.1,ompk36_n337fs,ompk36_y337stop
GCA_021987725.1,ompk35_d108fs,ompk35_y108stop
GCA_022011855.1,ompk35_d108fs,ompk35_y108stop
GCA_022015875.1,oprd_g162fs,oprd_t161fs
GCA_022015915.1,mexr_l24fs,mexr_i24fs
GCA_022016415.3,cira_p220fs,cira_d26fs
GCA_022025375.1,ompk35_y76fs,ompk35_y76stop
GCA_022025555.1,ompk35_y76fs,ompk35_y76stop
GCA_022025615.1,ompk35_y76fs,ompk35_y76stop
GCA_022025635.1,ompk35_y76fs,ompk35_y76stop
GCA_022025795.1,ompk35_y76fs,ompk35_y76stop
GCA_022025815.1,ompk35_y76fs,ompk35_y76stop
GCA_022025855.1,ompk35_y76fs,ompk35_y76stop
GCA_022026475.1,ompk35_y76fs,ompk35_y76stop
GCA_022027435.1,ompk36_q82fs,ompk36_a83fs
GCA_022038155.3,ompk35_l63fs,ompk35_g62fs
GCA_022038955.1,ompk35_q69fs,ompk35_i69fs
GCA_022041675.1,cira_f362fs,cira_l361fs
GCA_022055285.1,ompk36_t126fs,ompk36_w125fs
GCA_022055555.1,ompk35_d108fs,ompk35_y108stop
GCA_022055725.1,ompk35_d108fs,ompk35_y108stop
GCA_022058265.1,ompk35_y197fs,ompk35_t196fs
GCA_022072965.1,cira_k158fs,cira_i159fs
GCA_022088305.1,ompk35_y310fs,ompk35_k309fs
GCA_022095035.1,ompk35_d108fs,ompk35_y108stop
GCA_022110895.1,ompk35_l63fs,ompk35_g62fs
GCA_022117235.1,ompk35_d108fs,ompk35_y108stop
GCA_022121545.1,ompk35_s301fs,ompk35_f300fs
GCA_022121605.1,ompk35_s301fs,ompk35_f300fs
GCA_022142525.1,ompk35_l171fs,ompk35_a170fs
GCA_022144045.3,ompk35_d108fs,ompk35_y108stop
GCA_022149925.1,ompk35_l171fs,ompk35_a170fs
GCA_022150885.1,ompk35_d108fs,ompk35_y108stop
GCA_022152305.1,ompk35_d347fs,ompk35_t347stop
GCA_022152585.1,ompk36_v124fs,ompk36_s124fs
GCA_022157145.1,ompk35_w45fs,ompk35_w45stop
GCA_022158025.1,ompk35_g81fs,ompk35_y81fs
GCA_022158085.1,ompk35_d347fs,ompk35_t347stop
GCA_022159045.1,ompk35_s301fs,ompk35_f300fs
GCA_022159405.1,ompk35_l63fs,ompk35_g62fs
GCA_022160385.1,ompk35_f166fs,ompk35_d165fs
GCA_022161985.1,ompk35_d108fs,ompk35_y108stop
GCA_022164385.1,ompk36_y25fs,ompk36_y25stop
GCA_022169385.1,ompk36_v118fs,ompk36_g117fs
GCA_022169645.1,ompk35_d108fs,ompk35_y108stop
GCA_022173985.1,ompk35_y58fs,ompk35_t57fs
GCA_022174265.1,ompk35_d108fs,ompk35_y108stop
GCA_022182125.1,ompk35_e101fs,ompk35_f100fs
GCA_022185745.1,ompk35_l63fs,ompk35_g62fs
GCA_022185925.1,ompk35_y76fs,ompk35_y76stop
GCA_022186845.1,ompk35_l63fs,ompk35_g62fs
GCA_022189105.1,ompk35_a119fs,ompk35_g118fs
GCA_022189705.1,ompk35_g90fs,ompk35_s91fs
GCA_022194105.1,ompk36_d117fs,ompk36_g117fs
GCA_022196725.1,ompk35_g134fs,ompk35_g135fs
GCA_022200385.1,ompk35_a231fs,ompk35_w230fs
GCA_022200405.1,ompk35_a231fs,ompk35_w230fs
GCA_022204745.1,ompk35_y76fs,ompk35_y76stop
GCA_022207325.1,"ompk35_-318stop,f319fs",ompk35_y318stop
GCA_022212345.1,ompk35_l63fs,ompk35_g62fs
GCA_022212545.1,ompk35_i116fs,ompk35_r115fs
GCA_022227365.1,ompk35_d189fs,ompk35_g188fs
GCA_022230665.1,cira_d339fs,cira_h338fs
GCA_022231045.1,ompk35_d347fs,ompk35_t347stop
GCA_022234105.1,ompk35_l63fs,ompk35_g62fs
GCA_022234465.1,ompk35_l63fs,ompk35_g62fs
GCA_022234575.1,ompk35_l63fs,ompk35_g62fs
GCA_022234675.1,ompk35_l63fs,ompk35_g62fs
GCA_022234765.1,ompk35_l63fs,ompk35_g62fs
GCA_022234905.1,ompk35_l63fs,ompk35_g62fs
GCA_022234945.1,ompk35_l63fs,ompk35_g62fs
GCA_022247835.1,ompk35_n21fs,ompk35_a20fs
GCA_022250875.1,ompk35_d189fs,ompk35_g188fs
GCA_022250955.1,ompk35_d189fs,ompk35_g188fs
GCA_022250995.1,ompk35_d189fs,ompk35_g188fs
GCA_022251135.1,ompk35_d189fs,ompk35_g188fs
GCA_022251215.1,ompk35_d189fs,ompk35_g188fs
GCA_022251255.1,ompk35_d189fs,ompk35_g188fs
GCA_022267195.1,ompk36_l184fs,ompk36_a183fs
GCA_022267195.1,ompk35_g314fs,ompk35_w316fs
GCA_022268435.1,ompk35_l63fs,ompk35_g62fs
GCA_022268955.1,ompk35_a102fs,ompk35_a101fs
GCA_022269455.1,ompk36_s141fs,ompk36_n141fs
GCA_022273655.1,ompk35_e101fs,ompk35_f100fs
GCA_022273795.1,ompk35_y121fs,ompk35_i120fs
GCA_022282265.1,ompk35_d108fs,ompk35_y108stop
GCA_022283205.1,ompk35_e86fs,ompk35_s86stop
GCA_022288845.1,cira_f362fs,cira_l361fs
GCA_022301335.1,ompk36_d127fs,ompk36_t126fs
GCA_022311835.1,ompk35_l171fs,ompk35_a170fs
GCA_022312735.1,ompk35_l171fs,ompk35_a170fs
GCA_022315695.1,ompk35_k95fs,ompk35_t96fs
GCA_022315915.1,ompk35_f166fs,ompk35_d165fs
GCA_022316195.1,ompk35_s301fs,ompk35_f300fs
GCA_022323845.1,ompk35_d108fs,ompk35_y108stop
GCA_022324165.1,ompk35_d108fs,ompk35_y108stop
GCA_022324685.1,ompk35_t226fs,ompk35_k226fs
GCA_022331785.1,ompk35_n255fs,ompk35_p255fs
GCA_022385485.3,oprd_n274fs,oprd_s273fs
GCA_022438005.1,ompk35_d108fs,ompk35_y108stop
GCA_022438185.1,ompk35_n115fs,ompk35_r115fs
GCA_022446105.1,ompk35_d108fs,ompk35_y108stop
GCA_022474255.3,nald_a54fs,nald_k54fs
GCA_022479295.1,ompk35_l63fs,ompk35_g62fs
GCA_022479315.1,ompk35_l63fs,ompk35_g62fs
GCA_022502705.1,ompk35_n255fs,ompk35_p255fs
GCA_022522495.1,ompk35_q274fs,ompk35_q273fs
GCA_022532025.1,ompk35_a244fs,ompk35_v245fs
GCA_022532825.1,ompk35_a244fs,ompk35_v245fs
GCA_022534035.1,ompk35_a244fs,ompk35_v245fs
GCA_022535535.1,ompk35_q274fs,ompk35_q273fs
GCA_022536535.1,ompk35_g134fs,ompk35_g135fs
GCA_022699685.1,ades_k98fs,ades_i100fs
GCA_022807835.1,oprd_g118fs,oprd_d118fs
GCA_022853705.1,ompk35_a85fs,ompk35_d84fs
GCA_022854825.1,ompk35_a85fs,ompk35_d84fs
GCA_022871925.3,oprd_a218fs,oprd_t217fs
GCA_022899535.1,nald_a168fs,nald_l169fs
GCA_022916535.3,oprd_p157fs,oprd_q158fs
GCA_022921135.1,ompk35_y26fs,ompk35_i25fs
GCA_022958515.3,oprd_k95fs,oprd_l94fs
GCA_022963975.3,ompk36_n175fs,ompk36_a107fs
GCA_022980635.3,oprd_t198fs,oprd_a197fs
GCA_022985235.1,ompk35_l63fs,ompk35_g62fs
GCA_022988285.1,ompk35_n255fs,ompk35_p255fs
GCA_022989085.1,oprd_e70fs,oprd_l70fs
GCA_022989165.1,oprd_w277stop,oprd_372fs
GCA_022989885.1,oprd_t198fs,oprd_a197fs
GCA_022998545.1,oprd_n430fs,oprd_q429fs
GCA_022998605.1,oprd_e264fs,oprd_d263fs
GCA_023002915.1,oprd_n430fs,oprd_q429fs
GCA_023003525.1,oprd_i215fs,oprd_a215fs
GCA_023003745.1,oprd_e264fs,oprd_d263fs
GCA_023010065.3,oprd_a218fs,oprd_t217fs
GCA_023023165.1,ompk36_k37fs,ompk36_i38fs
GCA_023023525.1,ompk35_l63fs,ompk35_g62fs
GCA_023025125.1,ompk35_l63fs,ompk35_g62fs
GCA_023025625.1,ompk35_l63fs,ompk35_g62fs
GCA_023035955.1,ompk35_s301fs,ompk35_f300fs
GCA_023038335.1,ompk35_d108fs,ompk35_y108stop
GCA_023040275.1,ompk35_e76fs,ompk35_g75fs
GCA_023060055.1,oprd_d318fs,oprd_g317fs
GCA_023071915.2,ompk35_v12fs,ompk35_p12fs
GCA_023080905.1,ompk35_l63fs,ompk35_g62fs
GCA_023081025.1,ompk35_l63fs,ompk35_g62fs
GCA_023115155.3,oprd_w276fs,oprd_t275fs
GCA_023221815.1,ompk35_q92fs,ompk35_s91fs
GCA_023221875.1,ompk35_q92fs,ompk35_s91fs
GCA_023272755.1,mexr_l28fs,mexr_e27fs
GCA_023274105.1,ompk35_d108fs,ompk35_y108stop
GCA_023274555.1,ompk35_q69fs,ompk35_i69fs
GCA_023274655.1,ompk35_d108fs,ompk35_y108stop
GCA_023274935.1,ompk35_q69fs,ompk35_i69fs
GCA_023275095.1,ompk35_q69fs,ompk35_i69fs
GCA_023275185.1,ompk35_q69fs,ompk35_i69fs
GCA_023367775.1,ompk35_y26fs,ompk35_i25fs
GCA_023385015.1,nald_s82fs,nald_g81fs
GCA_023385255.1,nald_s82fs,nald_g81fs
GCA_023453745.1,ompk35_d108fs,ompk35_y108stop
GCA_023700335.1,ompk35_y26fs,ompk35_i25fs
GCA_023741055.1,cira_k158fs,cira_i159fs
GCA_023746655.1,ompk35_t46fs,ompk35_t47fs
GCA_023757445.1,ompk35_a85fs,ompk35_d84fs
GCA_023805305.1,oprd_q413fs,oprd_m372fs
GCA_023806095.1,oprd_l238fs,oprd_y237fs
GCA_023806165.1,oprd_p157fs,oprd_q158fs
GCA_023902255.1,oprd_k387fs,oprd_m372fs
GCA_023902935.1,oprd_s201fs,oprd_g201fs
GCA_023903755.1,nald_s82fs,nald_g81fs
GCA_023904115.1,oprd_s251fs,oprd_q250fs
GCA_023904265.1,oprd_h415fs,oprd_m372fs
GCA_023904595.1,oprd_k387fs,oprd_m372fs
GCA_023905365.1,oprd_r122fs,oprd_a123fs
GCA_023905825.1,oprd_k396fs,oprd_m372fs
GCA_023907185.1,oprd_y242stop,oprd_372fs
GCA_023908185.1,oprd_t66fs,oprd_w65fs
GCA_023909095.1,oprd_e70fs,oprd_l70fs
GCA_023909585.1,mexr_l24fs,mexr_i24fs
GCA_023909585.1,oprd_g78fs,oprd_t78fs
GCA_023910765.1,nald_l88fs,nald_s87fs
GCA_023912215.1,oprd_d367fs,oprd_d366fs
GCA_023915945.1,oprd_s40fs,oprd_d39fs
GCA_023916085.1,nald_f51fs,nald_h50fs
GCA_023917045.1,oprd_d29fs,oprd_s28fs
GCA_023917105.1,oprd_f158fs,oprd_q158fs
GCA_023917205.1,oprd_d29fs,oprd_s28fs
GCA_023917325.1,oprd_r150fs,oprd_a150fs
GCA_023917525.1,oprd_l11fs,oprd_a10fs
GCA_023917905.1,mexr_d56fs,mexr_q55fs
GCA_023918925.1,oprd_h415fs,oprd_m372fs
GCA_023921105.1,oprd_h415fs,oprd_m372fs
GCA_023922025.1,oprd_l11fs,oprd_a10fs
GCA_023929385.1,oprd_i130fs,oprd_r130fs
GCA_023929405.1,oprd_i130fs,oprd_r130fs
GCA_023929845.1,ampd_p147fs,ampd_g148fs
GCA_023934085.1,oprd_w277stop,oprd_372fs
GCA_023934105.1,mexr_a12fs,mexr_p11fs
GCA_023934105.1,oprd_l11fs,oprd_a10fs
GCA_023937325.1,oprd_a342fs,oprd_a341fs
GCA_023937325.1,nald_l87fs,nald_s87fs
GCA_023937405.1,oprd_y350fs,oprd_s349fs
GCA_023938705.1,oprd_s401fs,oprd_m372fs
GCA_023939165.1,mexr_v13fs,mexr_l13fs
GCA_023939185.1,oprd_g151fs,oprd_g152fs
GCA_023939525.1,oprd_h415fs,oprd_m372fs
GCA_023939825.1,oprd_e199fs,oprd_y199fs
GCA_023939905.1,oprd_w277stop,oprd_372fs
GCA_023939905.1,nald_p78fs,nald_g78fs
GCA_023940185.1,oprd_y350fs,oprd_s349fs
GCA_023940775.1,nald_s82fs,nald_g81fs
GCA_023940795.1,nald_s82fs,nald_g81fs
GCA_023940855.1,oprd_y195fs,oprd_l195fs
GCA_023941225.1,oprd_g151fs,oprd_g152fs
GCA_023941225.1,mexr_q25fs,mexr_i24fs
GCA_023941285.1,oprd_g60fs,oprd_s57fs
GCA_023941545.1,oprd_w277stop,oprd_372fs
GCA_023941815.1,mexr_m106fs,mexr_q106fs
GCA_023941915.1,oprd_s235fs,oprd_y236fs
GCA_023941975.1,oprd_g158fs,oprd_q158fs
GCA_023941995.1,oprd_r150fs,oprd_a150fs
GCA_023942175.1,oprd_k266stop,oprd_372fs
GCA_023942175.1,ampd_-142stop,ampd_l142stop
GCA_023942455.1,oprd_a196fs,oprd_l195fs
GCA_023942535.1,oprd_l238fs,oprd_y237fs
GCA_023942595.1,oprd_l238fs,oprd_y237fs
GCA_023942825.1,oprd_g425fs,oprd_m372fs
GCA_023943155.1,oprd_g299fs,oprd_h298fs
GCA_023943355.1,oprd_h415fs,oprd_m372fs
GCA_023944015.1,oprd_y342fs,oprd_r342fs
GCA_023944195.1,oprd_y384stop,oprd_m372fs
GCA_023944515.1,oprd_n392fs,oprd_m372fs
GCA_023944855.1,oprd_f166fs,oprd_l165fs
GCA_023944955.1,mexr_t123fs,mexr_l123fs
GCA_023945755.1,oprd_y305fs,oprd_y305stop
GCA_023945915.1,oprd_a283fs,oprd_a282fs
GCA_023946275.1,oprd_y350fs,oprd_s349fs
GCA_023947375.1,oprd_a19fs,oprd_q19fs
GCA_023947375.1,nald_t151fs,nald_v151fs
GCA_023947575.1,mexr_l28fs,mexr_e27fs
GCA_023947595.1,nald_t151fs,nald_v151fs
GCA_023947595.1,oprd_a19fs,oprd_q19fs
GCA_023948395.1,oprd_e199fs,oprd_y199fs
GCA_023948615.1,oprd_w277stop,oprd_372fs
GCA_023948635.1,oprd_v27fs,oprd_f26fs
GCA_023949035.1,oprd_y305fs,oprd_y305stop
GCA_023949735.1,oprd_i228fs,oprd_e228fs
GCA_023949795.1,ampd_a138fs,ampd_l138fs
GCA_023950155.1,oprd_d213fs,oprd_r213fs
GCA_023950195.1,oprd_i244fs,oprd_t243fs
GCA_023950215.1,mexr_l28fs,mexr_e27fs
GCA_023950215.1,oprd_a10fs,oprd_i9fs
GCA_023950655.1,oprd_f286fs,oprd_a282fs
GCA_023951095.1,oprd_p157fs,oprd_q158fs
GCA_023951895.1,nald_r161fs,nald_t158fs
GCA_023951935.1,nald_r161fs,nald_t158fs
GCA_023952175.1,oprd_t198fs,oprd_a197fs
GCA_023952215.1,oprd_t198fs,oprd_a197fs
GCA_023952895.1,oprd_i37fs,oprd_f36fs
GCA_023953165.1,oprd_g210fs,oprd_i210fs
GCA_023953795.1,oprd_g152fs,oprd_g151fs
GCA_023956135.1,oprd_d366fs,oprd_k365fs
GCA_023958035.1,mexr_v39fs,mexr_p38fs
GCA_023958055.1,oprd_r430fs,oprd_m372fs
GCA_023958195.1,oprd_w277stop,oprd_372fs
GCA_023958455.1,oprd_a419fs,oprd_m372fs
GCA_023958735.1,oprd_p157fs,oprd_q158fs
GCA_023959135.1,oprd_w277stop,oprd_372fs
GCA_023959175.1,oprd_t131fs,oprd_i131fs
GCA_023959475.1,oprd_a19fs,oprd_q19fs
GCA_023959575.1,nald_v132fs,nald_f132fs
GCA_023959655.1,nald_v132fs,nald_f132fs
GCA_023959655.1,oprd_g93fs,oprd_l92fs
GCA_023960855.1,oprd_w277stop,oprd_372fs
GCA_023961755.1,oprd_y343fs,oprd_r342fs
GCA_023961755.1,mexr_d8fs,mexr_p7fs
GCA_023961875.1,oprd_s273fs,oprd_i272fs
GCA_023962555.1,mexr_f13fs,mexr_a12fs
GCA_023963515.1,nald_p151fs,nald_v151fs
GCA_023963535.1,oprd_q418fs,oprd_m372fs
GCA_023963615.1,ampd_g46fs,ampd_f45fs
GCA_023963815.1,oprd_t354fs,oprd_p353fs
GCA_023963855.1,ampd_s71fs,ampd_h71fs
GCA_023964055.1,oprd_s273fs,oprd_i272fs
GCA_023964055.1,mexr_v12fs,mexr_a12fs
GCA_023964575.1,oprd_g298fs,oprd_h298fs
GCA_023982915.1,oprd_y350stop,oprd_372fs
GCA_023991855.1,oprd_g151fs,oprd_g152fs
GCA_023991875.1,oprd_i244fs,oprd_t243fs
GCA_023992055.1,oprd_i244fs,oprd_t243fs
GCA_023992115.1,oprd_e386stop,oprd_m372fs
GCA_023992995.1,oprd_g31fs,oprd_q30fs
GCA_023993195.1,oprd_f51fs,oprd_n52fs
GCA_023993415.1,oprd_k387fs,oprd_m372fs
GCA_023993455.1,oprd_k387fs,oprd_m372fs
GCA_023993535.1,oprd_k387fs,oprd_m372fs
GCA_023993615.1,oprd_k387fs,oprd_m372fs
GCA_023994235.1,oprd_k387fs,oprd_m372fs
GCA_023994255.1,oprd_k387fs,oprd_m372fs
GCA_023994275.1,oprd_k387fs,oprd_m372fs
GCA_023994895.1,oprd_t96fs,oprd_l96fs
GCA_023994935.1,oprd_t96fs,oprd_l96fs
GCA_023995035.1,oprd_t188fs,oprd_t187fs
GCA_023995195.1,oprd_v346fs,oprd_n346fs
GCA_023997135.1,oprd_g211fs,oprd_g212fs
GCA_024001325.1,oprd_g211fs,oprd_g212fs
GCA_024002235.1,oprd_g211fs,oprd_g212fs
GCA_024002315.1,oprd_g378fs,oprd_m372fs
GCA_024002335.1,oprd_g211fs,oprd_g212fs
GCA_024005815.1,oprd_p157fs,oprd_q158fs
GCA_024005815.1,mexr_f91fs,mexr_r91fs
GCA_024006135.1,oprd_q235stop,oprd_372fs
GCA_024007735.1,oprd_g211fs,oprd_g212fs
GCA_024008035.1,oprd_q235stop,oprd_372fs
GCA_024008055.1,oprd_q235stop,oprd_372fs
GCA_024008135.1,oprd_m137fs,oprd_k137fs
GCA_024009875.1,oprd_g378fs,oprd_m372fs
GCA_024009935.1,oprd_q235stop,oprd_372fs
GCA_024009955.1,oprd_m137fs,oprd_k137fs
GCA_024025035.1,ades_d59fs,ades_v59fs
GCA_024025255.1,ades_d59fs,ades_v59fs
GCA_024106435.1,oprd_t72fs,oprd_t71fs
GCA_024106515.1,oprd_t370fs,oprd_g369fs
GCA_024106835.1,oprd_s372fs,oprd_m372fs
GCA_024179125.1,oprd_l238fs,oprd_y237fs
GCA_024179225.1,oprd_p157fs,oprd_q158fs
GCA_024179235.1,oprd_l238fs,oprd_y237fs
GCA_024197715.1,ompk35_d108fs,ompk35_y108stop
GCA_024198845.1,ompk35_y76fs,ompk35_y76stop
GCA_024319355.1,oprd_d366fs,oprd_k365fs
GCA_024319375.1,oprd_k201fs,oprd_a200fs
GCA_024319395.1,oprd_s59fs,oprd_d61fs
GCA_024319475.1,oprd_d366fs,oprd_k365fs
GCA_024319815.1,oprd_d366fs,oprd_k365fs
GCA_024320035.1,oprd_k201fs,oprd_a200fs
GCA_024320235.1,oprd_d366fs,oprd_k365fs
GCA_024320475.1,oprd_p157fs,oprd_q158fs
GCA_024320495.1,oprd_d366fs,oprd_k365fs
GCA_024320675.1,oprd_d366fs,oprd_k365fs
GCA_024320695.1,oprd_d366fs,oprd_k365fs
GCA_024322435.1,oprd_k201fs,oprd_a200fs
GCA_024323015.1,oprd_k201fs,oprd_a200fs
GCA_024350805.1,nald_v132fs,nald_f132fs
GCA_024350825.1,oprd_k123fs,oprd_a123fs
GCA_024351965.1,oprd_k123fs,oprd_a123fs
GCA_024352105.1,nald_v132fs,nald_f132fs
GCA_024357645.1,ompk35_d108fs,ompk35_y108stop
GCA_024371035.1,nald_v132fs,nald_f132fs
GCA_024371115.1,oprd_k123fs,oprd_a123fs
GCA_024371175.1,oprd_k123fs,oprd_a123fs
GCA_024371195.1,oprd_k123fs,oprd_a123fs
GCA_024371255.1,oprd_a31fs,oprd_q30fs
GCA_024371455.1,oprd_a206fs,oprd_s206fs
GCA_024371675.1,mexr_l13fs,mexr_a12fs
GCA_024430155.1,ompk36_t85fs,ompk36_n85fs
GCA_024446535.1,ompk35_a85fs,ompk35_d84fs
GCA_024446855.1,ompk35_a85fs,ompk35_d84fs
GCA_024447245.1,ompk35_i116fs,ompk35_r115fs
GCA_024447285.1,ompk35_i116fs,ompk35_r115fs
GCA_024485725.3,oprd_l42fs,oprd_s41fs
GCA_024489355.1,ompk35_i116fs,ompk35_r115fs
GCA_024492575.1,ompk35_i116fs,ompk35_r115fs
GCA_024518085.1,ompk35_e101fs,ompk35_f100fs
GCA_024519895.1,oprd_q422fs,oprd_m372fs
GCA_024519915.1,oprd_q422fs,oprd_m372fs
GCA_024519955.1,oprd_q422fs,oprd_m372fs
GCA_024520205.1,oprd_q422fs,oprd_m372fs
GCA_024520335.1,oprd_q422fs,oprd_m372fs
GCA_024520815.1,ompk35_y76fs,ompk35_y76stop
GCA_024528105.1,cira_k157fs,cira_i159fs
GCA_024537635.1,oprd_t198fs,oprd_a197fs
GCA_024542235.1,oprd_p157fs,oprd_q158fs
GCA_024560905.3,ompk35_d108fs,ompk35_y108stop
GCA_024580195.1,ompk35_y76fs,ompk35_y76stop
GCA_024612785.1,ompk35_a85fs,ompk35_d84fs
GCA_024613965.1,ompk35_d108fs,ompk35_y108stop
GCA_024656715.1,ompk36_l34fs,ompk36_d33fs
GCA_024715035.1,oprd_e181fs,oprd_t181fs
GCA_024715115.1,oprd_e181fs,oprd_t181fs
GCA_024715215.1,oprd_e181fs,oprd_t181fs
GCA_024715275.1,oprd_e181fs,oprd_t181fs
GCA_024715615.1,oprd_e181fs,oprd_t181fs
GCA_024716785.1,oprd_i411fs,oprd_m372fs
GCA_024717115.1,oprd_e181fs,oprd_t181fs
GCA_024717125.1,oprd_e181fs,oprd_t181fs
GCA_024719475.1,oprd_e181fs,oprd_t181fs
GCA_024719615.1,oprd_e181fs,oprd_t181fs
GCA_024720455.1,oprd_e181fs,oprd_t181fs
GCA_024738605.1,oprd_d29fs,oprd_s28fs
GCA_024739165.1,oprd_p185fs,oprd_e185fs
GCA_024825895.1,oprd_g211fs,oprd_g212fs
GCA_024830395.1,oprd_g106fs,oprd_t105fs
GCA_024830495.1,oprd_g151fs,oprd_g152fs
GCA_024831905.1,oprd_l11fs,oprd_a10fs
GCA_024832985.1,oprd_y350fs,oprd_s349fs
GCA_024833625.1,oprd_g35fs,oprd_f36fs
GCA_024835895.1,oprd_q19fs,oprd_t18fs
GCA_024838085.1,mexr_v37fs,mexr_p37fs
GCA_024863925.1,oprd_y350fs,oprd_s349fs
GCA_024943545.1,ompk35_d108fs,ompk35_y108stop
GCA_024961225.3,oprd_a31fs,oprd_q30fs
GCA_024961325.3,oprd_a31fs,oprd_q30fs
GCA_024962325.3,oprd_a31fs,oprd_q30fs
GCA_024990835.1,ompk35_y76fs,ompk35_y76stop
GCA_024999625.1,oprd_t354fs,oprd_p353fs
GCA_025000845.1,ampd_f104fs,ampd_c103fs
GCA_025038045.1,ompk35_d108fs,ompk35_y108stop
GCA_025049195.1,ompk35_n255fs,ompk35_p255fs
GCA_025062475.1,ompk35_n255fs,ompk35_p255fs
GCA_025071255.1,ompk35_y26fs,ompk35_i25fs
GCA_025093385.1,ompk35_e76fs,ompk35_g75fs
GCA_025093485.1,ompk35_f166fs,ompk35_d165fs
GCA_025101905.1,ompk35_y58fs,ompk35_t57fs
GCA_025102285.1,ompk35_v12fs,ompk35_p12fs
GCA_025104265.1,ompk35_d108fs,ompk35_y108stop
GCA_025107725.1,ompk35_d108fs,ompk35_y108stop
GCA_025109425.1,ompk36_d127fs,ompk36_v128fs
GCA_025109585.1,ompk35_d108fs,ompk35_y108stop
GCA_025112525.1,ompk35_d108fs,ompk35_y108stop
GCA_025112745.1,ompk35_k38fs,ompk35_m39fs
GCA_025115665.1,ompk35_y77fs,ompk35_g77fs
GCA_025116005.1,ompk35_e76fs,ompk35_g75fs
GCA_025131415.1,nald_t154fs,nald_h154fs
GCA_025235245.1,nald_p151fs,nald_v151fs
GCA_025236665.1,nald_m152fs,nald_v151fs
GCA_025236815.1,nald_p151fs,nald_v151fs
GCA_025237265.1,mexr_n86fs,mexr_r85fs
GCA_025237345.1,nald_p151fs,nald_v151fs
GCA_025237645.1,nald_p151fs,nald_v151fs
GCA_025238495.1,nald_p151fs,nald_v151fs
GCA_025238625.1,mexr_l64fs,mexr_d64stop
GCA_025399355.1,ompk35_q92fs,ompk35_s91fs
GCA_025399395.1,ompk35_f111fs,ompk35_s110fs
GCA_025399535.1,ompk35_f111fs,ompk35_s110fs
GCA_025456615.1,oprd_h415fs,oprd_m372fs
GCA_025456705.1,oprd_h415fs,oprd_m372fs
GCA_025457285.1,ades_f125fs,ades_n125fs
GCA_025495235.1,ompk35_k38fs,ompk35_m39fs
GCA_025658715.1,nald_m152fs,nald_v151fs
GCA_025658815.1,nald_m152fs,nald_v151fs
GCA_025658825.1,nald_m152fs,nald_v151fs
GCA_025661015.1,ampd_g46fs,ampd_f45fs
GCA_025661135.1,ampd_g46fs,ampd_f45fs
GCA_025661195.1,mexr_t21fs,mexr_r21fs
GCA_025661435.1,oprd_s37fs,oprd_f36fs
GCA_025661615.1,mexr_t21fs,mexr_r21fs
GCA_025661855.1,ampd_g46fs,ampd_f45fs
GCA_025662275.1,oprd_g118fs,oprd_d118fs
GCA_025662355.1,oprd_s37fs,oprd_f36fs
GCA_025662415.1,oprd_w277stop,oprd_372fs
GCA_025696645.1,oprd_e181fs,oprd_t181fs
GCA_025696875.1,mexr_f13fs,mexr_a12fs
GCA_025696875.1,oprd_y283stop,oprd_372fs
GCA_025697205.1,oprd_y294fs,oprd_a293fs
GCA_025697585.1,mexr_e23fs,mexr_r23fs
GCA_025778415.3,oprd_t198fs,oprd_a197fs
GCA_025779075.1,oprd_t198fs,oprd_a197fs
GCA_025780255.1,oprd_d406fs,oprd_m372fs
GCA_025780345.1,oprd_r338fs,oprd_s338fs
GCA_025780515.1,oprd_s217fs,oprd_i216fs
GCA_025780635.1,oprd_d271fs,oprd_g270fs
GCA_025791325.1,oprd_m137fs,oprd_k137fs
GCA_025799485.1,oprd_g253fs,oprd_f254fs
GCA_025818235.1,ades_k98fs,ades_i100fs
GCA_025875565.1,ompk35_q69fs,ompk35_i69fs
GCA_025883335.1,ompk35_f166fs,ompk35_d165fs
GCA_025884155.1,ompk35_a85fs,ompk35_d84fs
GCA_025884175.1,ompk35_a85fs,ompk35_d84fs
GCA_025890555.1,ompk35_n255fs,ompk35_p255fs
GCA_025892675.1,ompk35_n255fs,ompk35_p255fs
GCA_025892775.1,ompk35_n255fs,ompk35_p255fs
GCA_025920825.1,ampd_y127fs,ampd_y127stop
GCA_025920965.1,oprd_p185fs,oprd_e185fs
GCA_025921165.1,"oprd_-305stop,i306fs",oprd_y305stop
GCA_025921305.1,oprd_i131fs,oprd_v129fs
GCA_025921385.1,oprd_a19fs,oprd_q19fs
GCA_025921745.1,mexr_a118fs,mexr_e118fs
GCA_025921905.1,oprd_i131fs,oprd_v129fs
GCA_025921945.1,oprd_d60fs,oprd_s59fs
GCA_025922305.1,oprd_r117fs,oprd_p116fs
GCA_025922325.1,mexr_g58fs,mexr_l57fs
GCA_025925255.1,oprd_g152fs,oprd_g151fs
GCA_025933215.1,cira_w427fs,cira_w427stop
GCA_026006835.1,ompk35_y205fs,ompk35_l205fs
GCA_026012775.1,mexr_k40fs,mexr_v40fs
GCA_026012795.1,oprd_y283stop,oprd_372fs
GCA_026014395.1,oprd_a31fs,oprd_q30fs
GCA_026046155.3,oprd_p347fs,oprd_s349stop
GCA_026059695.1,oprd_s331fs,oprd_f331fs
GCA_026081065.1,oprd_h415fs,oprd_m372fs
GCA_026113845.1,ompk35_a231fs,ompk35_w230fs
GCA_026114145.1,ompk35_d108fs,ompk35_y108stop
GCA_026126555.1,oprd_d267fs,oprd_a267fs
GCA_026127085.1,oprd_g147fs,oprd_v147fs
GCA_026127205.1,oprd_e199fs,oprd_y199fs
GCA_026182765.3,mexr_t36fs,mexr_l35fs
GCA_026191395.1,oprd_s75fs,oprd_e74fs
GCA_026191435.1,oprd_e32fs,oprd_a31fs
GCA_026197915.1,ompk35_a85fs,ompk35_d84fs
GCA_026221335.3,oprd_w277stop,oprd_372fs
GCA_026223435.1,ompk35_k95fs,ompk35_t96fs
GCA_026223455.1,ompk35_k95fs,ompk35_t96fs
GCA_026229325.1,ompk35_l63fs,ompk35_g62fs
GCA_026239915.1,oprd_h415fs,oprd_m372fs
GCA_026239955.1,oprd_h415fs,oprd_m372fs
GCA_026248525.1,ompk35_n255fs,ompk35_p255fs
GCA_026249085.3,ompk35_v12fs,ompk35_p12fs
GCA_026312365.1,ompk35_n255fs,ompk35_p255fs
GCA_026318205.1,ompk35_e77fs,ompk35_y76fs
GCA_026321435.1,oprd_a31fs,oprd_q30fs
GCA_026330615.1,ompk35_l63fs,ompk35_g62fs
GCA_026331855.1,ompk35_y26fs,ompk35_i25fs
GCA_026338915.1,ompk35_y76fs,ompk35_y76stop
GCA_026347375.1,ompk35_l33fs,ompk35_k32fs
GCA_026355315.1,ompk35_d233fs,ompk35_s233stop
GCA_026355555.1,ompk35_y26fs,ompk35_i25fs
GCA_026358955.1,oprd_g158fs,oprd_q158fs
GCA_026359295.1,oprd_y283fs,oprd_a282fs
GCA_026531255.2,oprd_e196fs,oprd_y196stop
GCA_026532655.1,oprd_e196fs,oprd_y196stop
GCA_026532915.1,oprd_f69fs,oprd_g68fs
GCA_026533665.1,oprd_f69fs,oprd_g68fs
GCA_026534415.1,oprd_g314fs,oprd_s313fs
GCA_026534535.1,mexr_e24fs,mexr_i24fs
GCA_026551575.1,oprd_a31fs,oprd_q30fs
GCA_026623125.1,oprd_e182fs,oprd_t181fs
GCA_026624025.1,ompk35_e89fs,ompk35_v88fs
GCA_026626285.1,ompk35_y26fs,ompk35_i25fs
GCA_026702165.3,ompk35_q69fs,ompk35_i69fs
GCA_027085915.1,ades_k98fs,ades_i100fs
GCA_027130675.1,ompk35_y76fs,ompk35_y76stop
GCA_027130715.1,ompk35_n255fs,ompk35_p255fs
GCA_027495415.1,oprd_g226fs,oprd_y225fs
GCA_027495495.1,oprd_g267fs,oprd_a267fs
GCA_027495595.1,oprd_g267fs,oprd_a267fs
GCA_027495605.1,oprd_e70fs,oprd_l70stop
GCA_027498085.1,nald_r159fs,nald_p159fs
GCA_027498085.1,oprd_g211fs,oprd_g212fs
GCA_027562255.1,ompk35_d50fs,ompk35_g49fs
GCA_027562505.1,mexr_i106fs,mexr_q106fs
GCA_027562505.1,oprd_e184fs,oprd_t181fs
GCA_027570415.1,oprd_a343fs,oprd_y343fs
GCA_027570615.1,oprd_v105fs,oprd_t105stop
GCA_027570715.1,oprd_l46fs,oprd_l45fs
GCA_027583445.1,oprd_e70fs,oprd_l70fs
GCA_027583585.1,oprd_p155fs,oprd_l155fs
GCA_027583775.1,oprd_s338fs,oprd_k337fs
GCA_027583795.1,oprd_q340fs,oprd_w339fs
GCA_027587295.3,oprd_q340fs,oprd_w339fs
GCA_027587355.1,oprd_q340fs,oprd_w339fs
GCA_027608755.1,ompk35_v12fs,ompk35_p12fs
GCA_027611085.1,ompk35_g102fs,ompk35_a101fs
GCA_027612105.1,ompk35_l59fs,ompk35_y58fs
GCA_027612125.1,ompk35_v12fs,ompk35_p12fs
GCA_027612165.1,ompk35_v12fs,ompk35_p12fs
GCA_027616565.1,ompk35_v12fs,ompk35_p12fs
GCA_027616625.1,ompk35_v12fs,ompk35_p12fs
GCA_027617865.1,ompk35_v12fs,ompk35_p12fs
GCA_027796075.1,ompk35_l59fs,ompk35_y58fs
GCA_027855515.1,oprd_l46fs,oprd_l45fs
GCA_027855565.1,oprd_g101fs,oprd_s100fs
GCA_027884865.1,ompk35_d69fs,ompk35_n70fs
GCA_027892575.1,ompk35_v12fs,ompk35_p12fs
GCA_027893495.1,ompk35_d108fs,ompk35_y108stop
GCA_027908795.1,oprd_a418fs,oprd_m372fs
GCA_027960585.1,ompk35_k38fs,ompk35_m39fs
GCA_028064015.1,oprd_p115fs,oprd_k115fs
GCA_028066515.3,oprd_l45fs,oprd_l44fs
GCA_028066915.3,oprd_g35fs,oprd_f36fs
GCA_028068415.3,ompk35_q69fs,ompk35_i69fs
GCA_028073135.3,ompk35_v147fs,ompk35_g147fs
GCA_028089835.1,ompk35_l63fs,ompk35_g62fs
GCA_028090175.1,ompk35_l63fs,ompk35_g62fs
GCA_028090375.1,ompk35_l63fs,ompk35_g62fs
GCA_028091255.1,ompk35_s301fs,ompk35_f300fs
GCA_028435275.1,mexr_l24fs,mexr_i24fs
GCA_028435805.1,oprd_l11fs,oprd_a10fs
GCA_028444495.1,ades_k98fs,ades_i100fs
GCA_028448065.2,oprd_e196fs,oprd_y196stop
GCA_028450905.3,cira_a490fs,cira_s492fs
GCA_028464005.1,ades_k98fs,ades_i100fs
GCA_028568195.1,oprd_a278fs,oprd_t276fs
GCA_028569195.1,oprd_g35fs,oprd_f36fs
GCA_028569335.1,oprd_g139fs,oprd_e140fs
GCA_028569395.1,oprd_g378fs,oprd_m372fs
GCA_028569905.1,oprd_a120fs,oprd_y120fs
GCA_028594375.1,oprd_h415fs,oprd_m372fs
GCA_028607365.1,oprd_a31fs,oprd_q30fs
GCA_028609965.1,oprd_e37fs,oprd_i37fs
GCA_028671355.1,cira_d403fs,cira_t402fs
GCA_028683205.1,mexr_q24fs,mexr_i24fs
GCA_028825845.1,ompk36_v296fs,ompk36_s296fs
GCA_028826595.1,oprd_a281fs,oprd_y283fs
GCA_028832505.3,oprd_w277stop,oprd_372fs
GCA_028904985.3,ompk35_l12fs,ompk35_p12fs
GCA_028913905.3,ompk35_s301fs,ompk35_f300fs
GCA_028937585.3,ompk36_v124fs,ompk36_s124fs
GCA_029075965.1,ompk35_k95fs,ompk35_t96fs
GCA_029079725.1,ompk35_k95fs,ompk35_t96fs
GCA_029222145.1,cira_a490fs,cira_s492fs
GCA_029396835.1,oprd_y199fs,oprd_y199stop
GCA_029397735.1,oprd_k387fs,oprd_m372fs
GCA_029398915.1,mexr_l28fs,mexr_e27fs
GCA_029398915.1,oprd_e181fs,oprd_t181fs
GCA_029399755.1,oprd_n343fs,oprd_r342fs
GCA_029400355.1,oprd_r117fs,oprd_p116fs
GCA_029425075.3,ades_f126fs,ades_n127fs
GCA_029494175.1,ompk35_y58fs,ompk35_t57fs
GCA_029568525.1,mexr_l23fs,mexr_t22fs
GCA_029570085.1,oprd_g253fs,oprd_f254fs
GCA_029570225.1,oprd_g253fs,oprd_f254fs
GCA_029570355.1,oprd_g253fs,oprd_f254fs
GCA_029570665.1,oprd_g253fs,oprd_f254fs
GCA_029577385.1,oprd_p109fs,oprd_l108fs
GCA_029603365.1,oprd_h415fs,oprd_m372fs
GCA_029603545.1,oprd_a141fs,oprd_m141fs
GCA_029603705.1,oprd_a141fs,oprd_m141fs
GCA_029604045.1,oprd_h415fs,oprd_m372fs
GCA_029604065.1,oprd_h415fs,oprd_m372fs
GCA_029604345.1,oprd_a141fs,oprd_m141fs
GCA_029604535.1,oprd_h415fs,oprd_m372fs
GCA_029604785.1,oprd_h415fs,oprd_m372fs
GCA_029604815.1,nald_n58fs,nald_f58stop
GCA_029604905.1,oprd_h415fs,oprd_m372fs
GCA_029604945.1,oprd_a141fs,oprd_m141fs
GCA_029605005.1,oprd_h415fs,oprd_m372fs
GCA_029605155.1,oprd_h415fs,oprd_m372fs
GCA_029605225.1,oprd_h415fs,oprd_m372fs
GCA_029605245.1,oprd_h415fs,oprd_m372fs
GCA_029605485.1,oprd_a141fs,oprd_m141fs
GCA_029605955.1,oprd_a141fs,oprd_m141fs
GCA_029622995.1,oprd_g211fs,oprd_g212fs
GCA_029636865.1,nald_s82fs,nald_g81fs
GCA_029636945.1,nald_s82fs,nald_g81fs
GCA_029637105.1,nald_s82fs,nald_g81fs
GCA_029637125.1,nald_s82fs,nald_g81fs
GCA_029637205.1,nald_s82fs,nald_g81fs
GCA_029637245.1,nald_s82fs,nald_g81fs
GCA_029637345.1,nald_s82fs,nald_g81fs
GCA_029637405.1,nald_s82fs,nald_g81fs
GCA_029637425.1,nald_s82fs,nald_g81fs
GCA_029637665.1,nald_s82fs,nald_g81fs
GCA_029637725.1,nald_s82fs,nald_g81fs
GCA_029637865.1,nald_s82fs,nald_g81fs
GCA_029637905.1,nald_s82fs,nald_g81fs
GCA_029637965.1,nald_s82fs,nald_g81fs
GCA_029638025.1,nald_s82fs,nald_g81fs
GCA_029638085.1,nald_s82fs,nald_g81fs
GCA_029638225.1,nald_s82fs,nald_g81fs
GCA_029638325.1,nald_s82fs,nald_g81fs
GCA_029638385.1,nald_s82fs,nald_g81fs
GCA_029638485.1,nald_s82fs,nald_g81fs
GCA_029638505.1,nald_s82fs,nald_g81fs
GCA_029638565.1,nald_s82fs,nald_g81fs
GCA_029638575.1,nald_s82fs,nald_g81fs
GCA_029638605.1,nald_s82fs,nald_g81fs
GCA_029638625.1,nald_s82fs,nald_g81fs
GCA_029638645.1,nald_s82fs,nald_g81fs
GCA_029638645.1,oprd_w60fs,oprd_s59fs
GCA_029638705.1,nald_s82fs,nald_g81fs
GCA_029638725.1,nald_s82fs,nald_g81fs
GCA_029638745.1,nald_s82fs,nald_g81fs
GCA_029638765.1,nald_s82fs,nald_g81fs
GCA_029638805.1,nald_s82fs,nald_g81fs
GCA_029639005.1,nald_s82fs,nald_g81fs
GCA_029639015.1,nald_s82fs,nald_g81fs
GCA_029639165.1,nald_s82fs,nald_g81fs
GCA_029639245.1,nald_s82fs,nald_g81fs
GCA_029639305.1,nald_s82fs,nald_g81fs
GCA_029639345.1,nald_s82fs,nald_g81fs
GCA_029639425.1,nald_s82fs,nald_g81fs
GCA_029639445.1,nald_s82fs,nald_g81fs
GCA_029639465.1,nald_s82fs,nald_g81fs
GCA_029639485.1,nald_s82fs,nald_g81fs
GCA_029639505.1,nald_s82fs,nald_g81fs
GCA_029639545.1,nald_s82fs,nald_g81fs
GCA_029639585.1,nald_s82fs,nald_g81fs
GCA_029639605.1,nald_s82fs,nald_g81fs
GCA_029639665.1,nald_s82fs,nald_g81fs
GCA_029639785.1,nald_s82fs,nald_g81fs
GCA_029639805.1,nald_s82fs,nald_g81fs
GCA_029639865.1,nald_s82fs,nald_g81fs
GCA_029639965.1,nald_s82fs,nald_g81fs
GCA_029640005.1,nald_s82fs,nald_g81fs
GCA_029640045.1,nald_s82fs,nald_g81fs
GCA_029640165.1,nald_s82fs,nald_g81fs
GCA_029640205.1,nald_s82fs,nald_g81fs
GCA_029640225.1,nald_s82fs,nald_g81fs
GCA_029640305.1,nald_s82fs,nald_g81fs
GCA_029640545.1,nald_s82fs,nald_g81fs
GCA_029640645.1,nald_s82fs,nald_g81fs
GCA_029640705.1,nald_s82fs,nald_g81fs
GCA_029640745.1,nald_s82fs,nald_g81fs
GCA_029640825.1,nald_s82fs,nald_g81fs
GCA_029640845.1,nald_s82fs,nald_g81fs
GCA_029640865.1,nald_s82fs,nald_g81fs
GCA_029640885.1,nald_s82fs,nald_g81fs
GCA_029640905.1,nald_s82fs,nald_g81fs
GCA_029640985.1,nald_s82fs,nald_g81fs
GCA_029643465.1,nald_s82fs,nald_g81fs
GCA_029737455.3,ades_k98fs,ades_i100fs
GCA_029835795.1,oprd_h415fs,oprd_m372fs
GCA_029870495.1,oprd_f156fs,oprd_l155fs
GCA_029870535.1,oprd_f156fs,oprd_l155fs
GCA_029871095.1,oprd_m131fs,oprd_i131fs
GCA_029871135.1,oprd_m131fs,oprd_i131fs
GCA_029916825.1,oprd_i205fs,oprd_a204fs
GCA_029953715.1,oprd_t134fs,oprd_k133fs
GCA_029954195.1,oprd_r356fs,oprd_f357fs
GCA_029954365.1,oprd_e426stop,oprd_m372fs
GCA_029954935.1,ampd_y132fs,ampd_y132stop
GCA_029954975.1,oprd_d426fs,oprd_m372fs
GCA_029955055.1,oprd_g162fs,oprd_t161fs
GCA_029955105.1,oprd_i210fs,oprd_g212fs
GCA_029955105.1,ampd_k165fs,ampd_r164fs
GCA_029961525.1,oprd_s334fs,oprd_p334fs
GCA_029962245.1,ompk35_k38fs,ompk35_m39fs
GCA_030121935.1,oprd_p155fs,oprd_l155fs
GCA_030122055.1,oprd_q340fs,oprd_w339fs
GCA_030234565.1,ompk35_l63fs,ompk35_g62fs
GCA_030347245.1,ompk35_s301fs,ompk35_f300fs
GCA_030366405.1,mexr_r22fs,mexr_r21fs
GCA_030367075.1,oprd_k201fs,oprd_a200fs
GCA_030367215.1,oprd_k201fs,oprd_a200fs
GCA_030367775.1,oprd_a158fs,oprd_q158fs
GCA_030368455.1,oprd_a19fs,oprd_q19fs
GCA_030368535.1,oprd_a19fs,oprd_q19fs
GCA_030368555.1,oprd_a19fs,oprd_q19fs
GCA_030388445.1,ompk35_v123fs,ompk35_d122fs
GCA_030398295.1,mexr_t36fs,mexr_l35fs
GCA_030398305.1,oprd_a289fs,oprd_h288fs
GCA_030398345.1,mexr_t36fs,mexr_l35fs
GCA_030434895.1,oprd_y259fs,oprd_i258fs
GCA_030434975.1,ompk35_q69fs,ompk35_i69fs
GCA_030444495.1,oprd_g35fs,oprd_f36fs
GCA_030499775.1,ompk35_v12fs,ompk35_p12fs
GCA_030519715.1,ompk35_l63fs,ompk35_g62fs
GCA_030563765.1,nald_k10fs,nald_t11fs
GCA_030564045.1,nald_k10fs,nald_t11fs
GCA_030711775.1,oprd_q422fs,oprd_m372fs
GCA_030711905.1,oprd_d304fs,oprd_f303fs
GCA_030711985.1,oprd_w277stop,oprd_372fs
GCA_030715155.1,ompk35_d108fs,ompk35_y108stop
GCA_030715365.1,ompk35_d108fs,ompk35_y108stop
GCA_030738015.1,oprd_a421fs,oprd_a420fs
GCA_030738575.1,nald_v132fs,nald_f132fs
GCA_030739175.1,oprd_g211fs,oprd_g212fs
GCA_030739375.1,oprd_t354fs,oprd_p353fs
GCA_030742465.1,oprd_d271fs,oprd_g270fs
GCA_030786205.1,ompk36_g17fs,ompk36_a16fs
GCA_030790885.1,ompk35_y108fs,ompk35_y108stop
GCA_030809475.1,ompk36_a147fs,ompk36_r146fs
GCA_030810715.1,ompk35_l12fs,ompk35_p12fs
GCA_030814195.1,ompk35_n21fs,ompk35_a20fs
GCA_030845555.1,ompk35_n255fs,ompk35_p255fs
GCA_030851945.1,oprd_m135fs,oprd_t134fs
GCA_030863585.1,ompk35_q69fs,ompk35_i69fs
GCA_030871225.2,oprd_p109fs,oprd_l108fs
GCA_030879645.1,cira_d254fs,cira_y253fs
GCA_030912505.1,ompk36_q262fs,ompk36_y262stop
GCA_030920745.1,ompk35_d108fs,ompk35_y108stop
GCA_031009265.1,ompk35_q69fs,ompk35_i69fs
GCA_031010705.2,ompk35_v12fs,ompk35_p12fs
GCA_031010745.1,ompk35_q69fs,ompk35_i69fs
GCA_031013705.2,cira_w615stop,cira_d26fs
GCA_031015765.1,ompk35_d108fs,ompk35_y108stop
GCA_031015825.1,ompk35_d108fs,ompk35_y108stop
GCA_031015885.1,ompk35_d108fs,ompk35_y108stop
GCA_031016045.1,ompk35_d108fs,ompk35_y108stop
GCA_031037515.2,ompk35_v147fs,ompk35_g147fs
GCA_031039315.2,ompk35_d108fs,ompk35_y108stop
GCA_031042415.1,ompk35_v12fs,ompk35_p12fs
GCA_031043155.1,ompk35_l334fs,ompk35_q333fs
GCA_031043835.2,ompk35_y76fs,ompk35_y76stop
GCA_031046815.2,ompk35_v12fs,ompk35_p12fs
GCA_031047335.2,ompk35_v12fs,ompk35_p12fs
GCA_031047875.1,cira_a10fs,cira_r9fs
GCA_031052555.1,cira_n299fs,cira_n301fs
GCA_031055755.2,oprd_y70fs,oprd_l70fs
GCA_031060635.2,ompk35_d108fs,ompk35_y108stop
GCA_031069925.1,ompk35_g77fs,ompk35_q78fs
GCA_031070425.1,ompk35_y76fs,ompk35_y76stop
GCA_031100655.2,ades_f126fs,ades_n127fs
GCA_031135385.2,ades_k98fs,ades_i100fs
GCA_031150285.2,ades_k98fs,ades_i100fs
GCA_031165115.1,ampd_p60fs,ampd_n61fs
GCA_031174725.1,ompk35_l63fs,ompk35_g62fs
GCA_031174765.1,ompk35_s301fs,ompk35_f300fs
GCA_031176125.1,ompk35_s301fs,ompk35_f300fs
GCA_031178905.1,ompk35_s301fs,ompk35_f300fs
GCA_031180895.1,ompk35_s301fs,ompk35_f300fs
GCA_031205345.1,ampd_g169fs,ampd_p168fs
GCA_031210185.1,oprd_d282fs,oprd_a282fs
GCA_031210785.1,oprd_d369fs,oprd_i367fs
GCA_031210915.1,oprd_w277stop,oprd_372fs
GCA_031211025.1,oprd_g118fs,oprd_d118fs
GCA_031247575.1,oprd_l238fs,oprd_y237fs
GCA_031247595.1,oprd_w277stop,oprd_372fs
GCA_031247615.1,oprd_l238fs,oprd_y237fs
GCA_031247735.1,oprd_w277stop,oprd_372fs
GCA_031309565.2,oprd_t103fs,oprd_k102fs
GCA_031384855.1,oprd_m358fs,oprd_m358stop
GCA_031389365.2,oprd_h415fs,oprd_m372fs
GCA_031526165.1,ompk35_f166fs,ompk35_d165fs
GCA_031526625.1,ompk35_t121fs,ompk35_y121fs
GCA_031536585.2,oprd_t198fs,oprd_a197fs
GCA_031543925.2,oprd_y70fs,oprd_l70fs
GCA_031581805.1,ades_k98fs,ades_i100fs
GCA_031657795.2,oprd_r342fs,oprd_a341fs
GCA_031665525.2,oprd_a19fs,oprd_q19fs
GCA_031733445.1,oprd_p155fs,oprd_l155fs
GCA_031733595.1,oprd_p155fs,oprd_l155fs
GCA_031733675.1,oprd_p155fs,oprd_l155fs
GCA_031733735.1,oprd_k131fs,oprd_i131fs
GCA_031733775.1,oprd_p155fs,oprd_l155fs
GCA_031733835.1,oprd_s57fs,oprd_s59fs
GCA_031733855.1,oprd_p155fs,oprd_l155fs
GCA_031733875.1,oprd_g152fs,oprd_g151fs
GCA_031734115.1,oprd_p155fs,oprd_l155fs
GCA_031734135.1,oprd_p155fs,oprd_l155fs
GCA_031734335.1,oprd_p155fs,oprd_l155fs
GCA_031734435.1,oprd_p155fs,oprd_l155fs
GCA_031734455.1,oprd_p155fs,oprd_l155fs
GCA_031734515.1,mexr_s24fs,mexr_r23fs
GCA_031765855.2,oprd_t99fs,oprd_g98fs
GCA_031822575.1,nald_v132fs,nald_f132fs
GCA_031822735.1,oprd_a31fs,oprd_q30fs
GCA_031822755.1,oprd_a31fs,oprd_q30fs
GCA_031822795.1,oprd_a31fs,oprd_q30fs
GCA_031822815.1,nald_v132fs,nald_f132fs
GCA_031822835.1,oprd_a31fs,oprd_q30fs
GCA_031822875.1,oprd_a31fs,oprd_q30fs
GCA_031823015.1,nald_v132fs,nald_f132fs
GCA_031823035.1,oprd_n253fs,oprd_g253fs
GCA_031823035.1,nald_v132fs,nald_f132fs
GCA_031823075.1,nald_v132fs,nald_f132fs
GCA_031823655.1,nald_v132fs,nald_f132fs
GCA_031823735.1,oprd_s96fs,oprd_d97fs
GCA_031824055.1,oprd_s96fs,oprd_d97fs
GCA_031824635.1,nald_v132fs,nald_f132fs
GCA_031824695.1,nald_v132fs,nald_f132fs
GCA_031824715.1,nald_v132fs,nald_f132fs
GCA_031824735.1,nald_v132fs,nald_f132fs
GCA_031825995.1,oprd_h415fs,oprd_m372fs
GCA_031847775.1,oprd_l340fs,oprd_a341fs
GCA_031847795.1,oprd_l340fs,oprd_a341fs
GCA_031847835.1,oprd_l340fs,oprd_a341fs
GCA_031847995.1,oprd_g423fs,oprd_m372fs
GCA_031848875.1,mexr_r50fs,mexr_q49fs
GCA_031849035.1,mexr_r50fs,mexr_q49fs
GCA_031849395.1,mexr_i61fs,mexr_m61fs
GCA_031849965.1,oprd_p403fs,oprd_m372fs
GCA_031850015.1,mexr_p87fs,mexr_s88fs
GCA_031879975.1,oprd_l11fs,oprd_a10fs
GCA_031901445.1,oprd_g35fs,oprd_f36fs
GCA_031905105.2,ades_y266fs,ades_r265fs
GCA_031918885.2,mexr_p121fs,mexr_p122fs
GCA_031926225.2,oprd_p186fs,oprd_e185fs
GCA_031926225.2,nald_s82fs,nald_g81fs
GCA_032030315.1,mexr_m108fs,mexr_a108fs
GCA_032033515.1,oprd_w277stop,oprd_372fs
GCA_032033535.1,oprd_f20fs,oprd_q19fs
GCA_032033555.1,mexr_l57fs,mexr_d56fs
GCA_032033635.1,oprd_g211fs,oprd_g212fs
GCA_032033675.1,mexr_r107fs,mexr_h107fs
GCA_032033735.1,oprd_v126fs,oprd_a126stop
GCA_032033735.1,mexr_l24fs,mexr_i24fs
GCA_032033735.1,ampd_a141fs,ampd_l141fs
GCA_032037295.1,oprd_f20fs,oprd_q19fs
GCA_032070045.1,cira_f362fs,cira_l361fs
GCA_032134415.1,cira_f362fs,cira_l361fs
GCA_032137555.1,cira_f362fs,cira_l361fs
GCA_032185805.2,oprd_a31fs,oprd_q30fs
GCA_032204445.2,oprd_h415fs,oprd_m372fs
GCA_032290665.1,nald_v132fs,nald_f132fs
GCA_032320955.2,oprd_g211fs,oprd_g212fs
GCA_032321015.2,oprd_t370fs,oprd_g369fs
GCA_032321255.2,oprd_n214fs,oprd_y214stop
GCA_032362085.2,oprd_a31fs,oprd_q30fs
GCA_032457065.2,oprd_n392fs,oprd_m372fs
GCA_032497745.1,ampd_e123fs,ampd_d123fs
GCA_032497805.2,"oprd_w422stop,e171fs",oprd_q166fs
GCA_032497825.2,oprd_w277stop,oprd_372fs
GCA_032528205.1,mexr_q86fs,mexr_n86fs
GCA_032607735.2,ompk35_n18fs,ompk35_g18fs
GCA_032607815.1,nald_s82fs,nald_g81fs
GCA_032615015.1,oprd_q429stop,oprd_m372fs
GCA_032615035.1,oprd_q429stop,oprd_m372fs
GCA_032615055.1,oprd_q429stop,oprd_m372fs
GCA_032633365.2,ompk35_k292fs,ompk35_d293fs
GCA_032633845.1,oprd_r154fs,oprd_s153fs
GCA_032637285.1,ompk35_n255fs,ompk35_p255fs
GCA_032642525.1,oprd_e196fs,oprd_y196stop
GCA_032643145.2,oprd_t99fs,oprd_g98fs
GCA_032744165.1,oprd_k387fs,oprd_m372fs
GCA_032746855.1,ompk35_a85fs,ompk35_d84fs
GCA_032750655.1,oprd_e196fs,oprd_y196stop
GCA_032761055.2,ampd_e123fs,ampd_d123fs
GCA_032764825.1,oprd_e196fs,oprd_y196stop
GCA_032804305.2,oprd_q396fs,oprd_m372fs
GCA_032822875.2,nald_s82fs,nald_g81fs
GCA_032822875.2,oprd_p186fs,oprd_e185fs
GCA_032843565.1,oprd_d366fs,oprd_k365fs
GCA_032843725.1,oprd_d366fs,oprd_k365fs
GCA_032843785.1,nald_l87fs,nald_s87fs
GCA_032864615.2,oprd_p347fs,oprd_s349stop
GCA_032873415.2,ompk35_a85fs,ompk35_d84fs
GCA_032907265.1,ompk35_d108fs,ompk35_y108stop
GCA_032940525.1,ades_k98fs,ades_i100fs
GCA_032950535.1,nald_s82fs,nald_g81fs
GCA_032991285.1,cira_f362fs,cira_l361fs
GCA_033089975.1,nald_a41fs,nald_a40fs
GCA_033090075.1,oprd_g211fs,oprd_g212fs
GCA_033090175.1,oprd_q18fs,oprd_t18fs
GCA_033093875.1,ompk35_k95fs,ompk35_t96fs
GCA_033103215.1,ades_k98fs,ades_i100fs
GCA_033105425.1,ompk35_n255fs,ompk35_p255fs
GCA_033119545.1,ompk35_n255fs,ompk35_p255fs
GCA_033180425.2,ompk35_v12fs,ompk35_p12fs
GCA_033200035.2,oprd_l136fs,oprd_l136stop
GCA_033228545.1,oprd_g299fs,oprd_h298fs
GCA_033230305.1,oprd_n112fs,oprd_m111fs
GCA_033286125.2,oprd_t99fs,oprd_g98fs
GCA_033432835.1,cira_f362fs,cira_l361fs
GCA_033542425.1,ompk35_d69fs,ompk35_n70fs
GCA_033549665.1,ompk35_n255fs,ompk35_p255fs
GCA_033590275.1,ompk35_n255fs,ompk35_p255fs
GCA_033590295.1,ompk35_n255fs,ompk35_p255fs
GCA_033668285.1,oprd_s206fs,oprd_k205fs
GCA_033691675.1,oprd_e70fs,oprd_l70fs
GCA_033725775.1,ades_k98fs,ades_i100fs
GCA_033791045.1,ades_k98fs,ades_i100fs
GCA_033796705.1,oprd_l238fs,oprd_y237fs
GCA_033797165.1,oprd_q422fs,oprd_m372fs
GCA_033797415.1,oprd_q235stop,oprd_372fs
GCA_033797495.1,oprd_l238fs,oprd_y237fs
GCA_033797595.1,oprd_p157fs,oprd_q158fs
GCA_033797675.1,oprd_e386stop,oprd_m372fs
GCA_033797865.1,oprd_i244fs,oprd_t243fs
GCA_033797905.1,nald_v132fs,nald_f132fs
GCA_033797965.1,oprd_g364fs,oprd_k365stop
GCA_033798125.1,oprd_p157fs,oprd_q158fs
GCA_033798285.1,oprd_l238fs,oprd_y237fs
GCA_033798985.1,ompk35_d108fs,ompk35_y108stop
GCA_033799545.1,ompk35_l63fs,ompk35_g62fs
GCA_033800065.1,ompk35_l63fs,ompk35_g62fs
GCA_033800765.1,ompk35_d108fs,ompk35_y108stop
GCA_033800905.1,ompk35_d108fs,ompk35_y108stop
GCA_033801045.1,ompk35_d108fs,ompk35_y108stop
GCA_033801105.1,ompk35_v12fs,ompk35_p12fs
GCA_033801285.1,ompk35_v12fs,ompk35_p12fs
GCA_033801585.1,ompk35_v12fs,ompk35_p12fs
GCA_033801765.1,ompk35_l63fs,ompk35_g62fs
GCA_033850335.1,nald_r163fs,nald_a162fs
GCA_033865285.1,ompk35_l63fs,ompk35_g62fs
GCA_033871035.1,ampd_p147fs,ampd_i149fs
GCA_033871595.1,mexr_e24fs,mexr_i24fs
GCA_033871675.1,oprd_g35fs,oprd_f36fs
GCA_033883455.1,oprd_t187fs,oprd_p186fs
GCA_033885945.1,oprd_p403fs,oprd_m372fs
GCA_033887805.1,oprd_s220fs,oprd_a222fs
GCA_033891985.1,oprd_e392fs,oprd_m372fs
GCA_033892045.1,mexr_t22fs,mexr_r21fs
GCA_033892145.1,mexr_l28fs,mexr_e27fs
GCA_033892405.1,oprd_l89fs,oprd_f89fs
GCA_033893505.1,mexr_l24fs,mexr_i24fs
GCA_033893505.1,oprd_s71fs,oprd_l70fs
GCA_033894005.1,oprd_p403fs,oprd_m372fs
GCA_033899855.1,ompk35_v12fs,ompk35_p12fs
GCA_033901255.1,ompk35_y76fs,ompk35_y76stop
GCA_033924065.1,oprd_p157fs,oprd_q158fs
GCA_033926105.1,ampd_l140fs,ampd_t139fs
GCA_033929525.1,oprd_y214fs,oprd_r213fs
GCA_033930305.1,oprd_p403fs,oprd_m372fs
GCA_033933065.1,oprd_g35fs,oprd_f36fs
GCA_033933365.1,mexr_q45fs,mexr_l45fs
GCA_033937885.1,ampd_a141fs,ampd_l141fs
GCA_033937885.1,oprd_l11fs,oprd_a10fs
GCA_033938045.1,oprd_p403fs,oprd_m372fs
GCA_033959465.1,ades_k98fs,ades_i100fs
GCA_033984795.1,ompk36_l13fs,ompk36_a12fs
GCA_034045435.1,oprd_g31fs,oprd_q30fs
GCA_034045885.1,oprd_g31fs,oprd_q30fs
GCA_034046515.1,mexr_l45fs,mexr_r50fs
GCA_034046785.1,oprd_w277stop,oprd_372fs
GCA_034046835.1,oprd_e386stop,oprd_m372fs
GCA_034046875.1,oprd_w277stop,oprd_372fs
GCA_034046935.1,oprd_d111fs,oprd_n112fs
GCA_034046945.1,mexr_f13fs,mexr_a12fs
GCA_034046945.1,oprd_g81fs,oprd_t81fs
GCA_034046955.1,oprd_d111fs,oprd_n112fs
GCA_034064005.1,oprd_g31fs,oprd_q30fs
GCA_034065385.1,mexr_p34fs,mexr_d34fs
GCA_034140485.1,ompk35_s206fs,ompk35_l205fs
GCA_034156775.1,ompk36_w125stop,ompk36_y120stop
GCA_034163825.1,ompk35_d71fs,ompk35_q72fs
GCA_034258885.1,oprd_l133fs,oprd_k133stop
GCA_034259225.1,ompk35_y26fs,ompk35_i25fs
GCA_034260575.1,cira_k157fs,cira_i159fs
GCA_034262935.1,cira_w119fs,cira_f119fs
GCA_034295315.1,ompk35_y76fs,ompk35_y76stop
GCA_034330225.1,oprd_w277stop,oprd_372fs
GCA_034361625.1,ompk35_y76fs,ompk35_y76stop
GCA_034364985.1,ompk36_s88fs,ompk36_e87fs
GCA_034389155.1,ompk35_y76fs,ompk35_y76stop
GCA_034389735.1,ompk35_n21fs,ompk35_a20fs
GCA_034394195.1,ompk35_f169fs,ompk35_s168fs
GCA_034397835.1,ompk36_n25fs,ompk36_i24fs
GCA_034406985.1,ompk35_d108fs,ompk35_y108stop
GCA_034437855.1,oprd_a200fs,oprd_y199fs
GCA_034437855.1,mexr_v35fs,mexr_l35fs
GCA_034438235.1,oprd_a200fs,oprd_y199fs
GCA_034438235.1,mexr_v35fs,mexr_l35fs
GCA_034438435.1,mexr_v35fs,mexr_l35fs
GCA_034438435.1,oprd_a200fs,oprd_y199fs
GCA_034438475.1,mexr_v35fs,mexr_l35fs
GCA_034438475.1,oprd_a200fs,oprd_y199fs
GCA_034438735.1,oprd_a200fs,oprd_y199fs
GCA_034438735.1,mexr_v35fs,mexr_l35fs
GCA_034467645.2,ompk35_l63fs,ompk35_g62fs
GCA_034480885.1,oprd_l46fs,oprd_l45fs
GCA_034507795.1,ompk35_q69fs,ompk35_i69fs
GCA_034508835.1,ompk35_q69fs,ompk35_i69fs
GCA_034509445.1,ompk35_s301fs,ompk35_f300fs
GCA_034556095.1,ompk35_n255fs,ompk35_p255fs
GCA_034575155.1,oprd_s99fs,oprd_g98fs
GCA_034575735.1,oprd_l92fs,oprd_g93fs
GCA_034576075.1,oprd_s59fs,oprd_d61fs
GCA_034685185.1,ompk36_a151fs,ompk36_v150fs
GCA_034688225.1,ompk35_y76fs,ompk35_y76stop
GCA_034810825.1,ampd_r175fs,ampd_w174fs
GCA_034810965.1,oprd_g423fs,oprd_m372fs
GCA_034811665.1,oprd_w277stop,oprd_372fs
GCA_034811745.1,nald_a162fs,nald_i161fs
GCA_034811755.1,oprd_t391fs,oprd_m372fs
GCA_034812345.1,oprd_g151fs,oprd_g152fs
GCA_034812665.1,oprd_q67fs,oprd_t66fs
GCA_034812745.1,oprd_r122fs,oprd_a123fs
GCA_034813265.1,oprd_g403fs,oprd_s403fs
GCA_034813425.1,mexr_l13fs,mexr_l13stop
GCA_034813525.1,oprd_p405fs,oprd_a406fs
GCA_034813585.1,oprd_p238fs,oprd_n239fs
GCA_034813885.1,oprd_r44fs,oprd_l44fs
GCA_034813945.1,oprd_q59fs,oprd_s59fs
GCA_034813965.1,oprd_g211fs,oprd_g212fs
GCA_034814045.1,mexr_l28fs,mexr_e27fs
GCA_034814105.1,oprd_d301fs,oprd_d300fs
GCA_034814165.1,oprd_d301fs,oprd_d300fs
GCA_034814325.1,oprd_p347fs,oprd_s349stop
GCA_034814485.1,oprd_y227fs,oprd_a227fs
GCA_034814565.1,oprd_d417fs,oprd_m372fs
GCA_034814965.1,oprd_l90fs,oprd_g90fs
GCA_034815265.1,oprd_q340fs,oprd_w339fs
GCA_034815485.1,oprd_y70fs,oprd_l70fs
GCA_034815805.1,oprd_l165fs,oprd_q164fs
GCA_034815825.1,oprd_l165fs,oprd_q164fs
GCA_034815945.1,oprd_g104fs,oprd_t103fs
GCA_034816325.1,oprd_l154fs,oprd_r154fs
GCA_034816325.1,nald_m154fs,nald_h154stop
GCA_034816345.1,mexr_l28fs,mexr_e27fs
GCA_034816785.1,oprd_l135fs,oprd_m135fs
GCA_034816865.1,oprd_y50fs,oprd_y50stop
GCA_034816925.1,oprd_e384fs,oprd_m372fs
GCA_034816995.1,oprd_q164fs,oprd_f163fs
GCA_034817225.1,oprd_g178fs,oprd_a177fs
GCA_034817585.1,oprd_q235stop,oprd_372fs
GCA_034817685.1,oprd_y90fs,oprd_f89fs
GCA_034817685.1,nald_k10fs,nald_t11fs
GCA_034818105.1,ampd_a85fs,ampd_g84fs
GCA_034818445.1,oprd_f70fs,oprd_l70fs
GCA_034835635.1,oprd_l90fs,oprd_g90fs
GCA_034837535.1,oprd_a31fs,oprd_q30fs
GCA_034837975.1,oprd_a31fs,oprd_q30fs
GCA_034838015.1,oprd_w277stop,oprd_372fs
GCA_034838575.1,oprd_a31fs,oprd_q30fs
GCA_034838595.1,oprd_a31fs,oprd_q30fs
GCA_034838635.1,oprd_a31fs,oprd_q30fs
GCA_034838835.1,oprd_w277stop,oprd_372fs
GCA_034838915.1,oprd_a31fs,oprd_q30fs
GCA_034838955.1,oprd_a31fs,oprd_q30fs
GCA_034839635.1,oprd_a31fs,oprd_q30fs
GCA_034839915.1,oprd_a31fs,oprd_q30fs
GCA_034839935.1,oprd_a31fs,oprd_q30fs
GCA_035007405.1,oprd_v295fs,oprd_q295fs
GCA_035013585.1,oprd_k201fs,oprd_a200fs
GCA_035522035.1,oprd_e194stop,oprd_372fs
GCA_035562105.1,oprd_a19fs,oprd_q19fs
GCA_035562105.1,nald_t151fs,nald_v151fs
GCA_035618535.1,ompk35_l63fs,ompk35_g62fs
GCA_035621275.1,ompk35_y26fs,ompk35_i25fs
GCA_035728065.1,"oprd_s321stop,s59fs,d61fs",oprd_s59fs
GCA_035728785.1,mexr_l13fs,mexr_a12fs
GCA_035779925.1,ompk35_d108fs,ompk35_y108stop
GCA_035818655.1,nald_v132fs,nald_f132fs
GCA_035925885.1,ompk35_s301fs,ompk35_f300fs
GCA_036236875.1,ompk35_n255fs,ompk35_p255fs
GCA_036237735.1,oprd_e194stop,oprd_372fs
GCA_036249285.1,cira_t189fs,cira_f188fs
GCA_036316065.1,oprd_a283fs,oprd_a282fs
GCA_036316265.1,mexr_d39fs,mexr_p38fs
GCA_036316865.1,oprd_a31fs,oprd_q30fs
GCA_036317405.1,oprd_a31fs,oprd_q30fs
GCA_036326305.1,oprd_a19fs,oprd_q19fs
GCA_036329645.1,ompk35_a85fs,ompk35_d84fs
GCA_036329785.1,ompk35_a85fs,ompk35_d84fs
GCA_036330045.1,ompk35_a85fs,ompk35_d84fs
GCA_036330425.1,oprd_a147fs,oprd_a145fs
GCA_036347355.1,oprd_k405fs,oprd_m372fs
GCA_036347455.1,oprd_a147fs,oprd_a145fs
GCA_036418275.1,"oprd_y400stop,t187fs",oprd_p186fs
GCA_036470995.1,cira_g351fs,cira_g350fs
GCA_036529375.1,oprd_e196fs,oprd_y196stop
GCA_036530035.1,oprd_e196fs,oprd_y196stop
GCA_036531595.1,ompk35_q69fs,ompk35_i69fs
GCA_036663965.1,oprd_g93fs,oprd_l92fs
GCA_036663965.1,nald_v132fs,nald_f132fs
GCA_036664035.1,oprd_g118fs,oprd_d118fs
GCA_036664155.1,oprd_l238fs,oprd_y237fs
GCA_036664235.1,oprd_l238fs,oprd_y237fs
GCA_036664635.1,oprd_g35fs,oprd_f36fs
GCA_036665255.1,mexr_q24fs,mexr_i24fs
GCA_036665595.1,nald_v132fs,nald_f132fs
GCA_036665655.1,oprd_l238fs,oprd_y237fs
GCA_036665875.1,oprd_i244fs,oprd_t243fs
GCA_036713655.1,oprd_g158fs,oprd_q158fs
GCA_036742505.1,ades_s101fs,ades_i100fs
GCA_036761905.1,oprd_y350fs,oprd_y350stop
GCA_036761965.1,oprd_y350fs,oprd_y350stop
GCA_036762055.1,oprd_y350fs,oprd_y350stop
GCA_036762175.1,oprd_y350fs,oprd_y350stop
GCA_036762195.1,oprd_a31fs,oprd_q30fs
GCA_036762585.1,oprd_a31fs,oprd_q30fs
GCA_036764235.1,oprd_a31fs,oprd_q30fs
GCA_036764275.1,oprd_a31fs,oprd_q30fs
GCA_036764415.1,oprd_q301stop,oprd_372fs
GCA_036764455.1,oprd_q301stop,oprd_372fs
GCA_036764495.1,oprd_q301stop,oprd_372fs
GCA_036764715.1,oprd_q301stop,oprd_372fs
GCA_036764755.1,oprd_q301stop,oprd_372fs
GCA_036764775.1,oprd_q301stop,oprd_372fs
GCA_036764915.1,oprd_q301stop,oprd_372fs
GCA_036764975.1,oprd_q301stop,oprd_372fs
GCA_036765015.1,oprd_q301stop,oprd_372fs
GCA_036765055.1,oprd_q301stop,oprd_372fs
GCA_036765975.1,"oprd_y400stop,t187fs",oprd_p186fs
GCA_036867475.1,oprd_a19fs,oprd_q19fs
GCA_036909115.1,ompk36_l128fs,ompk36_l129fs
GCA_036912235.1,ompk35_y76fs,ompk35_y76stop
GCA_037001205.1,oprd_y199fs,oprd_t198fs
GCA_037001465.1,nald_m152fs,nald_v151fs
GCA_037001485.1,oprd_p353fs,oprd_l355fs
GCA_037002045.1,nald_r163fs,nald_a162fs
GCA_037002185.1,nald_m152fs,nald_v151fs
GCA_037002405.1,nald_m152fs,nald_v151fs
GCA_037002485.1,nald_r161fs,nald_t158fs
GCA_037002585.1,oprd_t188fs,oprd_t187fs
GCA_037024345.1,ompk35_d108fs,ompk35_y108stop
GCA_037045905.1,ades_k98fs,ades_i100fs
GCA_037082265.1,ompk35_t226fs,ompk35_k226fs
GCA_037082275.1,ompk35_d108fs,ompk35_y108stop
GCA_037082415.1,ompk35_v12fs,ompk35_p12fs
GCA_037082565.1,ompk35_t226fs,ompk35_k226fs
GCA_037082715.1,ompk35_d108fs,ompk35_y108stop
GCA_037084025.1,ompk35_v12fs,ompk35_p12fs
GCA_037104115.1,mexr_m57fs,mexr_l57fs
GCA_037104435.1,oprd_g151fs,oprd_g152fs
GCA_037104525.1,mexr_l24fs,mexr_i24fs
GCA_037108235.1,oprd_r416fs,oprd_m372fs
GCA_037123065.1,ompk35_v12fs,ompk35_p12fs
GCA_037202945.1,ompk35_l63fs,ompk35_g62fs
GCA_037204305.1,ompk35_l63fs,ompk35_g62fs
GCA_037204345.1,ompk35_l63fs,ompk35_g62fs
GCA_037204445.1,ompk35_l63fs,ompk35_g62fs
GCA_037205265.1,ompk35_d108fs,ompk35_y108stop
GCA_037205545.1,ompk35_d108fs,ompk35_y108stop
GCA_037205565.1,ompk35_d108fs,ompk35_y108stop
GCA_037205765.1,ompk35_v12fs,ompk35_p12fs
GCA_037384805.1,ompk36_l27fs,ompk36_k27fs
GCA_037386605.1,ompk35_l171fs,ompk35_a170fs
GCA_037477795.1,ompk35_n255fs,ompk35_p255fs
GCA_037477835.1,ompk35_n255fs,ompk35_p255fs
GCA_037477845.1,ompk35_n255fs,ompk35_p255fs
GCA_037628085.1,ompk35_l171fs,ompk35_a170fs
GCA_037630925.1,ompk35_l171fs,ompk35_a170fs
GCA_037663215.1,ades_s101fs,ades_i100fs
GCA_037958905.1,oprd_a31fs,oprd_q30fs
GCA_037996905.1,oprd_p154fs,oprd_l155fs
GCA_037997005.1,oprd_w277stop,oprd_372fs
GCA_038028005.1,oprd_h415fs,oprd_m372fs
GCA_038069375.1,oprd_k124fs,oprd_a123fs
GCA_038149185.1,ompk35_l63fs,ompk35_g62fs
GCA_038149285.1,ompk35_n255fs,ompk35_p255fs
GCA_038149465.1,ompk35_n255fs,ompk35_p255fs
GCA_038149525.1,ompk35_n255fs,ompk35_p255fs
GCA_038229015.1,ompk35_v12fs,ompk35_p12fs
GCA_038229035.1,oprd_h415fs,oprd_m372fs
GCA_038301465.1,oprd_d342fs,oprd_a341fs
GCA_038409695.1,oprd_k190fs,oprd_v189fs
GCA_038419755.1,ompk35_y76fs,ompk35_y76stop
GCA_038437275.1,oprd_d296fs,oprd_v297fs
GCA_038441405.1,ompk35_q69fs,ompk35_i69fs
GCA_038447655.1,oprd_t131fs,oprd_r130fs
GCA_038455945.1,oprd_t288fs,oprd_t289fs
GCA_038486415.1,oprd_r310fs,oprd_s313fs
GCA_038486655.1,oprd_l159fs,oprd_q158fs
GCA_038504845.1,ampd_a141fs,ampd_l141fs
GCA_038509025.1,oprd_a31fs,oprd_q30fs
GCA_039412815.1,oprd_a31fs,oprd_q30fs
GCA_039412935.1,oprd_v294fs,oprd_a293fs
GCA_039413135.1,oprd_d304fs,oprd_f303fs
GCA_039413155.1,nald_l109fs,nald_l109stop
GCA_039413195.1,nald_l109fs,nald_l109stop
GCA_039413685.1,oprd_h298fs,oprd_k296fs
GCA_039569105.1,oprd_g118fs,oprd_d118fs
GCA_039569165.1,oprd_e70fs,oprd_l70fs
GCA_039569585.1,oprd_d366fs,oprd_k365fs
GCA_039569965.1,oprd_y384stop,oprd_m372fs
GCA_039570005.1,oprd_g151fs,oprd_g152fs
GCA_039570085.1,oprd_g158fs,oprd_q158fs
GCA_039570245.1,oprd_g118fs,oprd_d118fs
GCA_039575405.1,ompk35_a85fs,ompk35_d84fs
GCA_039612215.1,oprd_w277stop,oprd_372fs
GCA_039612435.1,oprd_v105fs,oprd_t105fs
GCA_039647695.1,oprd_e182fs,oprd_t181fs
GCA_039658635.1,ades_k98fs,ades_i100fs
GCA_039676325.1,ompk35_a85fs,ompk35_d84fs
GCA_039676685.1,ompk35_n255fs,ompk35_p255fs
GCA_039684235.1,oprd_h415fs,oprd_m372fs
GCA_039684275.1,oprd_h415fs,oprd_m372fs
GCA_039778055.1,oprd_g102fs,oprd_k102fs
GCA_039786015.1,oprd_w277stop,oprd_372fs
GCA_040011235.1,ompk35_n255fs,ompk35_p255fs
GCA_040012295.1,ompk35_n255fs,ompk35_p255fs
GCA_040068915.1,ompk35_d50fs,ompk35_g49fs
GCA_040110965.1,oprd_d370fs,oprd_i367fs
GCA_040111065.1,oprd_g317fs,oprd_g316fs
GCA_040116705.1,ades_y266fs,ades_r265fs
GCA_040118245.1,ompk35_a85fs,ompk35_d84fs
GCA_040120785.1,oprd_r150fs,oprd_a150fs
GCA_040186575.1,nald_v132fs,nald_f132fs
GCA_040186985.1,oprd_h415fs,oprd_m372fs
GCA_040187015.1,oprd_s71fs,oprd_l70fs
GCA_040187055.1,nald_t151fs,nald_v151fs
GCA_040187195.1,nald_t151fs,nald_v151fs
GCA_040187595.1,oprd_d304fs,oprd_f303fs
GCA_040187595.1,nald_s82fs,nald_g81fs
GCA_040187645.1,oprd_h415fs,oprd_m372fs
GCA_040200415.1,ompk35_l63fs,ompk35_g62fs
GCA_040210585.1,oprd_h415fs,oprd_m372fs
GCA_040216075.1,ompk35_d50fs,ompk35_g49fs
GCA_040257785.1,nald_t151fs,nald_v151fs
GCA_040257825.1,oprd_n274fs,oprd_s273fs
GCA_040258235.1,nald_t151fs,nald_v151fs
GCA_040258235.1,ampd_g27fs,ampd_q26fs
GCA_040258235.1,oprd_y305fs,oprd_y305stop
GCA_040258665.1,nald_t151fs,nald_v151fs
GCA_040258785.1,oprd_r150fs,oprd_a150fs
GCA_040259225.1,oprd_d300fs,oprd_g299fs
GCA_040269095.1,ompk35_h43fs,ompk35_e42fs
GCA_040271375.1,ompk35_l171fs,ompk35_a170fs
GCA_040285895.1,ompk35_h43fs,ompk35_e42fs
GCA_040287245.1,ades_y266fs,ades_r265fs
GCA_040291115.1,ompk35_q69fs,ompk35_i69fs
GCA_040291265.1,ompk35_d108fs,ompk35_y108stop
GCA_040291985.1,ompk35_d108fs,ompk35_y108stop
GCA_040292125.1,ompk35_l63fs,ompk35_g62fs
GCA_040292265.1,ompk35_d108fs,ompk35_y108stop
GCA_040292405.1,ompk35_g314fs,ompk35_t315fs
GCA_040292465.1,ompk35_t64fs,ompk35_l63fs
GCA_040292645.1,ompk35_d108fs,ompk35_y108stop
GCA_040292745.1,ompk35_d108fs,ompk35_y108stop
GCA_040293065.1,ompk35_e76fs,ompk35_g75fs
GCA_040294505.1,ompk35_d108fs,ompk35_y108stop
GCA_040306025.1,ompk35_e76fs,ompk35_g75fs
GCA_040327875.1,ompk35_l63fs,ompk35_g62fs
GCA_040328535.1,ompk35_l63fs,ompk35_g62fs
GCA_040445105.1,ades_k98fs,ades_i100fs
GCA_040513425.1,oprd_h415fs,oprd_m372fs
GCA_040561375.1,ompk35_y76fs,ompk35_y76stop
GCA_040562035.1,cira_t166fs,cira_g165fs
GCA_040580825.1,oprd_k204fs,oprd_y199fs
GCA_040597765.1,ades_k98fs,ades_i100fs
GCA_040597855.1,ades_k98fs,ades_i100fs
GCA_040604215.1,ades_k98fs,ades_i100fs
GCA_040614645.1,oprd_a19fs,oprd_q19fs
GCA_040656875.1,oprd_r117fs,oprd_p116fs
GCA_040657055.1,oprd_s100fs,oprd_d101fs
GCA_040657455.1,oprd_r117fs,oprd_p116fs
GCA_040657915.1,oprd_a150fs,oprd_g151fs
GCA_040658115.1,oprd_m135fs,oprd_t134fs
GCA_040659395.1,nald_t151fs,nald_v151fs
GCA_040659395.1,oprd_a19fs,oprd_q19fs
GCA_040673175.1,oprd_k190fs,oprd_v189fs
GCA_040714225.1,oprd_m131fs,oprd_i131fs
GCA_040714425.1,oprd_e32fs,oprd_a31fs
GCA_040714475.1,ampd_g145fs,ampd_a145fs
GCA_040714575.1,oprd_g211fs,oprd_g212fs
GCA_040714695.1,oprd_f299fs,oprd_h298fs
GCA_040715715.1,ompk35_y58fs,ompk35_t57fs
GCA_040796865.1,ompk35_l63fs,ompk35_g62fs
GCA_040884415.1,oprd_p105fs,oprd_t105fs
GCA_040884545.1,oprd_f299fs,oprd_h298fs
GCA_040884545.1,ampd_g145fs,ampd_a145fs
GCA_040884585.1,oprd_v123fs,oprd_a123fs
GCA_040884845.1,oprd_n254fs,oprd_g253fs
GCA_040885395.1,oprd_a31fs,oprd_q30fs
GCA_040885445.1,oprd_g97fs,oprd_l96fs
GCA_040885505.1,oprd_r342fs,oprd_y343fs
GCA_040885525.1,oprd_p403fs,oprd_m372fs
GCA_040885765.1,oprd_a31fs,oprd_q30fs
GCA_040886425.1,mexr_r59fs,mexr_g58fs
GCA_040900845.1,oprd_l46fs,oprd_l45fs
GCA_040930575.1,oprd_h415fs,oprd_m372fs
GCA_040981835.1,ompk35_e101fs,ompk35_f100fs
GCA_040981845.1,ompk35_e101fs,ompk35_f100fs
GCA_040981855.1,ompk35_y76fs,ompk35_y76stop
GCA_040981985.1,ompk35_e101fs,ompk35_f100fs
GCA_040982675.1,ompk35_y26fs,ompk35_i25fs
GCA_040983015.1,ompk35_y76fs,ompk35_y76stop
GCA_041003495.1,ompk35_d108fs,ompk35_y108stop
GCA_041003495.1,ompk36_y116fs,ompk36_n115fs
GCA_041023465.1,ades_k98fs,ades_i100fs
GCA_041030545.1,cira_r177fs,cira_h176fs
GCA_041042465.1,ompk36_y43fs,ompk36_h42fs
GCA_041060525.1,oprd_q301stop,oprd_372fs
GCA_041060645.1,oprd_y305stop,oprd_372fs
GCA_041060705.1,oprd_a31fs,oprd_q30fs
GCA_041060745.1,oprd_g226fs,oprd_y225fs
GCA_041060865.1,oprd_a31fs,oprd_q30fs
GCA_041060885.1,ampd_a85fs,ampd_g84fs
GCA_041060905.1,oprd_a31fs,oprd_q30fs
GCA_041060925.1,oprd_a31fs,oprd_q30fs
GCA_041061105.1,oprd_a31fs,oprd_q30fs
GCA_041061225.1,oprd_a31fs,oprd_q30fs
GCA_041061245.1,oprd_a31fs,oprd_q30fs
GCA_041061265.1,oprd_y305stop,oprd_372fs
GCA_041061605.1,ompk35_a231fs,ompk35_w230fs
GCA_041061805.1,oprd_a31fs,oprd_q30fs
GCA_041061865.1,oprd_q301stop,oprd_372fs
GCA_041061945.1,oprd_q301stop,oprd_372fs
GCA_041062085.1,oprd_q301stop,oprd_372fs
GCA_041062105.1,oprd_q301stop,oprd_372fs
GCA_041062185.1,oprd_q301stop,oprd_372fs
GCA_041062245.1,oprd_q301stop,oprd_372fs
GCA_041062285.1,oprd_q301stop,oprd_372fs
GCA_041062325.1,oprd_q301stop,oprd_372fs
GCA_041062365.1,oprd_q301stop,oprd_372fs
GCA_041062465.1,oprd_q301stop,oprd_372fs
GCA_041062485.1,oprd_q301stop,oprd_372fs
GCA_041062525.1,oprd_q301stop,oprd_372fs
GCA_041062625.1,oprd_q301stop,oprd_372fs
GCA_041062715.1,oprd_q301stop,oprd_372fs
GCA_041062805.1,oprd_q301stop,oprd_372fs
GCA_041062845.1,oprd_q301stop,oprd_372fs
GCA_041062865.1,oprd_q301stop,oprd_372fs
GCA_041062945.1,oprd_q301stop,oprd_372fs
GCA_041062965.1,oprd_q301stop,oprd_372fs
GCA_041063005.1,oprd_q301stop,oprd_372fs
GCA_041063085.1,oprd_q301stop,oprd_372fs
GCA_041063125.1,oprd_q301stop,oprd_372fs
GCA_041077335.1,ompk35_n255fs,ompk35_p255fs
GCA_041204775.1,ompk35_a85fs,ompk35_d84fs
GCA_041204815.1,ompk35_a85fs,ompk35_d84fs
GCA_041343265.1,oprd_t198fs,oprd_a197fs
GCA_041348415.1,mexr_l67fs,mexr_l67stop
GCA_041353475.1,oprd_y50fs,oprd_y50stop
GCA_041353685.1,oprd_f20fs,oprd_q19fs
GCA_041353815.1,mexr_r45fs,mexr_l45fs
GCA_041355845.1,mexr_p121fs,mexr_p122fs
GCA_041355845.1,oprd_q160fs,oprd_a160fs
GCA_041357715.1,oprd_y343fs,oprd_r342fs
GCA_041399855.1,ompk35_q63fs,ompk35_l63fs
GCA_041400045.1,ompk35_l12fs,ompk35_p12fs
GCA_041401105.1,ompk35_n21fs,ompk35_a20fs
GCA_041421345.1,ompk35_v245fs,ompk35_a244fs
GCA_041423415.1,ompk36_f110fs,ompk36_s109fs
GCA_041505165.1,ompk35_y76fs,ompk35_y76stop
GCA_041534475.1,ades_k98fs,ades_i100fs
GCA_041543945.1,nald_t151fs,nald_v151fs
GCA_041680805.1,"oprd_y400stop,t187fs",oprd_p186fs
GCA_041681865.1,ompk35_l63fs,ompk35_g62fs
GCA_041780615.1,oprd_t198fs,oprd_a197fs
GCA_041807155.1,ompk35_n255fs,ompk35_p255fs
GCA_041807645.1,ompk35_q69fs,ompk35_i69fs
GCA_041862755.1,ompk35_s301fs,ompk35_f300fs
GCA_041902995.1,cira_f362fs,cira_l361fs
GCA_041926895.1,cira_p6fs,cira_f7fs
GCA_900079675.1,cira_k157fs,cira_i159fs
GCA_900084475.1,ompk35_l171fs,ompk35_a170fs
GCA_900084885.1,ompk35_l63fs,ompk35_g62fs
GCA_900106265.1,oprd_d112fs,oprd_m111fs
GCA_900106915.1,oprd_d112fs,oprd_m111fs
GCA_900145655.1,oprd_f349fs,oprd_s349fs
GCA_900145655.1,mexr_l45fs,mexr_k44fs
GCA_900146375.1,oprd_l136fs,oprd_m135fs
GCA_900146945.1,mexr_h19fs,mexr_q18fs
GCA_900147025.1,oprd_q291fs,oprd_l292fs
GCA_900147035.1,oprd_q291fs,oprd_l292fs
GCA_900147055.1,mexr_h19fs,mexr_q18fs
GCA_900147485.1,oprd_d286fs,oprd_l285fs
GCA_900147545.1,oprd_d286fs,oprd_l285fs
GCA_900147635.1,oprd_d286fs,oprd_l285fs
GCA_900148145.1,mexr_r45fs,mexr_l45fs
GCA_900406865.1,oprd_e196fs,oprd_y196stop
GCA_900406965.1,oprd_v110fs,oprd_v110stop
GCA_900455455.1,oprd_p403fs,oprd_m372fs
GCA_900494215.1,ompk35_d108fs,ompk35_y108stop
GCA_900501985.1,ompk36_k334fs,ompk36_y338stop
GCA_900502115.1,cira_v595fs,cira_a595fs
GCA_900503165.1,ompk35_t47fs,ompk35_t46fs
GCA_900503735.1,ompk36_l194fs,ompk36_k195fs
GCA_900504095.1,ompk35_l63fs,ompk35_g62fs
GCA_900504105.1,ompk35_l63fs,ompk35_g62fs
GCA_900504165.1,ompk35_l63fs,ompk35_g62fs
GCA_900504465.1,ompk35_l63fs,ompk35_g62fs
GCA_900504505.1,ompk35_l63fs,ompk35_g62fs
GCA_900504555.1,ompk35_l63fs,ompk35_g62fs
GCA_900505305.1,ompk35_l63fs,ompk35_g62fs
GCA_900507465.1,ompk35_l171fs,ompk35_a170fs
GCA_900507505.1,ompk35_a149fs,ompk35_t149fs
GCA_900507575.1,ompk35_l63fs,ompk35_g62fs
GCA_900508065.1,ompk35_n255fs,ompk35_p255fs
GCA_900508145.1,ompk35_l63fs,ompk35_g62fs
GCA_900509145.1,ompk35_l63fs,ompk35_g62fs
GCA_900509965.1,ompk35_n255fs,ompk35_p255fs
GCA_900511495.1,ompk35_s301fs,ompk35_f300fs
GCA_900511545.1,ompk35_l63fs,ompk35_g62fs
GCA_900513015.1,ompk35_l63fs,ompk35_g62fs
GCA_900513285.1,ompk35_y76fs,ompk35_y76stop
GCA_900517255.1,ompk35_d189fs,ompk35_g188fs
GCA_900607675.1,ompk35_n255fs,ompk35_p255fs
GCA_900608145.1,ompk35_d108fs,ompk35_y108stop
GCA_900608275.1,ompk35_l63fs,ompk35_g62fs
GCA_900618275.1,oprd_g117fs,oprd_r117fs
GCA_900707075.1,oprd_f20fs,oprd_q19fs
GCA_900707595.1,oprd_p405fs,oprd_a406fs
GCA_900707605.1,oprd_l11fs,oprd_a10fs
GCA_900708055.1,oprd_n430fs,oprd_q429fs
GCA_900708835.1,oprd_n332fs,oprd_f331fs
GCA_901035035.1,oprd_d423fs,oprd_a422fs
GCA_901456275.1,oprd_g210fs,oprd_i210fs
GCA_902201725.1,nald_p69fs,nald_p68fs
GCA_902202255.1,oprd_l238fs,oprd_y237fs
GCA_902202325.1,oprd_l238fs,oprd_y237fs
GCA_902202375.1,oprd_l238fs,oprd_y237fs
GCA_902202425.1,oprd_l238fs,oprd_y237fs
GCA_902202455.1,oprd_l238fs,oprd_y237fs
GCA_902202535.1,oprd_g118fs,oprd_d118fs
GCA_902202545.1,oprd_g118fs,oprd_d118fs
GCA_902202575.1,oprd_l238fs,oprd_y237fs
GCA_902202585.1,oprd_l238fs,oprd_y237fs
GCA_902202605.1,oprd_g118fs,oprd_d118fs
GCA_902202625.1,oprd_l238fs,oprd_y237fs
GCA_902202675.1,oprd_g118fs,oprd_d118fs
GCA_902202735.1,oprd_l238fs,oprd_y237fs
GCA_902202815.1,oprd_l238fs,oprd_y237fs
GCA_902202845.1,oprd_l238fs,oprd_y237fs
GCA_902202865.1,oprd_l238fs,oprd_y237fs
GCA_902202885.1,oprd_l238fs,oprd_y237fs
GCA_902202965.1,oprd_l238fs,oprd_y237fs
GCA_902202985.1,"oprd_-427stop,g423fs",oprd_m372fs
GCA_902203135.1,"oprd_-427stop,g423fs",oprd_m372fs
GCA_902203155.1,"oprd_-427stop,g423fs",oprd_m372fs
GCA_902203165.1,oprd_g196fs,oprd_y196stop
GCA_902203215.1,"oprd_-427stop,g423fs",oprd_m372fs
GCA_902203285.1,"oprd_-427stop,g423fs",oprd_m372fs
GCA_902203415.1,oprd_g118fs,oprd_d118fs
GCA_902203665.1,"oprd_-427stop,g423fs",oprd_m372fs
GCA_902203695.1,"oprd_-427stop,g423fs",oprd_m372fs
GCA_902203705.1,"oprd_-427stop,g423fs",oprd_m372fs
GCA_902203845.1,"oprd_-427stop,g423fs",oprd_m372fs
GCA_902203855.1,"oprd_-427stop,g423fs",oprd_m372fs
GCA_902203905.1,oprd_l238fs,oprd_y237fs
GCA_902204055.1,oprd_y347fs,oprd_l347fs
GCA_902204065.1,oprd_y347fs,oprd_l347fs
GCA_902204075.1,oprd_y347fs,oprd_l347fs
GCA_902204095.1,oprd_y347fs,oprd_l347fs
GCA_902204105.1,oprd_y347fs,oprd_l347fs
GCA_902204175.1,oprd_g118fs,oprd_d118fs
GCA_902704805.1,ompk35_l63fs,ompk35_g62fs
GCA_902705175.1,ompk35_l63fs,ompk35_g62fs
GCA_905068175.1,oprd_p329fs,oprd_d330fs
GCA_905330695.2,ompk35_l14fs,ompk35_l15fs
GCA_916161585.1,ompk35_s301fs,ompk35_f300fs
GCA_926279955.1,ompk35_n255fs,ompk35_p255fs
GCA_926280115.1,ompk35_n255fs,ompk35_p255fs
GCA_926280645.1,ompk35_n255fs,ompk35_p255fs
GCA_926281425.1,ompk35_n255fs,ompk35_p255fs
GCA_926281905.1,ompk35_n255fs,ompk35_p255fs
GCA_926283335.1,ompk35_n255fs,ompk35_p255fs
GCA_926284275.1,ompk35_n255fs,ompk35_p255fs
GCA_926290845.1,ompk35_n255fs,ompk35_p255fs
GCA_926497985.1,ompk35_n255fs,ompk35_p255fs
GCA_926498235.1,ompk35_n255fs,ompk35_p255fs
GCA_926498285.1,ompk35_n255fs,ompk35_p255fs
GCA_926498405.1,ompk35_n255fs,ompk35_p255fs
GCA_926498435.1,ompk35_n255fs,ompk35_p255fs
GCA_926498615.1,ompk35_n255fs,ompk35_p255fs
GCA_926498955.1,ompk35_n255fs,ompk35_p255fs
GCA_926500015.1,ompk35_n255fs,ompk35_p255fs
GCA_926500065.1,ompk35_n255fs,ompk35_p255fs
GCA_926500615.1,ompk35_n255fs,ompk35_p255fs
GCA_929615065.1,oprd_g68fs,oprd_q67fs
GCA_929618965.1,ompk35_d108fs,ompk35_y108stop
GCA_944606765.1,ompk35_n255fs,ompk35_p255fs
GCA_947390655.1,ompk35_d108fs,ompk35_y108stop
GCA_947572995.1,ompk35_y76fs,ompk35_y76stop
GCA_947573275.1,ompk35_n255fs,ompk35_p255fs
GCA_947574685.1,ompk35_n255fs,ompk35_p255fs
GCA_947574755.1,ompk35_s301fs,ompk35_f300fs
GCA_947575045.1,ompk35_y76fs,ompk35_y76stop
GCA_947576045.1,ompk35_s301fs,ompk35_f300fs
GCA_947576405.1,ompk35_n255fs,ompk35_p255fs
GCA_947576535.1,ompk35_y76fs,ompk35_y76stop
GCA_947576955.1,ompk35_y76fs,ompk35_y76stop
GCA_947576975.1,ompk35_n255fs,ompk35_p255fs
GCA_947577145.1,ompk35_n255fs,ompk35_p255fs
GCA_947660195.1,ompk35_s301fs,ompk35_f300fs
GCA_947660625.1,ompk35_s301fs,ompk35_f300fs
GCA_947662495.1,ompk35_s301fs,ompk35_f300fs
GCA_947662705.1,ompk35_s301fs,ompk35_f300fs
GCA_947662905.1,ompk35_s301fs,ompk35_f300fs
GCA_947662915.1,ompk35_s301fs,ompk35_f300fs
GCA_947663285.1,ompk35_s301fs,ompk35_f300fs
GCA_949078855.1,nald_s82fs,nald_g81fs
GCA_949079115.1,mexr_n86fs,mexr_r85fs
GCA_950097785.1,oprd_g253fs,oprd_f254fs
GCA_950098355.1,oprd_g151fs,oprd_g152fs
GCA_950098595.1,oprd_d59fs,oprd_s59fs
GCA_950100155.1,oprd_g253fs,oprd_f254fs
GCA_950100915.1,oprd_g253fs,oprd_f254fs
GCA_950101215.1,oprd_g253fs,oprd_f254fs
GCA_950101625.1,oprd_g253fs,oprd_f254fs
GCA_954778235.1,oprd_g210fs,oprd_i210fs
GCA_956471355.1,ompk35_s301fs,ompk35_f300fs
GCA_956476335.1,ompk35_a231fs,ompk35_w230fs
GCA_956477145.1,ompk35_n255fs,ompk35_p255fs
GCA_956477305.1,ompk35_l63fs,ompk35_g62fs
GCA_956477515.1,ompk35_n255fs,ompk35_p255fs
GCA_956477555.1,ompk35_s301fs,ompk35_f300fs
GCA_956477715.1,ompk35_l63fs,ompk35_g62fs
GCA_956477845.1,ompk35_s301fs,ompk35_f300fs
GCA_956477935.1,ompk35_l63fs,ompk35_g62fs
GCA_956478295.1,ompk35_s301fs,ompk35_f300fs
GCA_956478555.1,ompk35_s301fs,ompk35_f300fs
GCA_956478815.1,ompk35_l63fs,ompk35_g62fs
GCA_956478855.1,ompk35_s301fs,ompk35_f300fs
GCA_956479055.1,ompk35_s301fs,ompk35_f300fs
GCA_956479355.1,ompk35_l63fs,ompk35_g62fs
GCA_956479365.1,ompk35_l63fs,ompk35_g62fs
GCA_956479425.1,ompk35_l63fs,ompk35_g62fs
GCA_956479465.1,ompk35_l63fs,ompk35_g62fs
GCA_956479535.1,ompk35_s301fs,ompk35_f300fs
GCA_956481585.1,ompk35_n255fs,ompk35_p255fs
GCA_959611455.1,ompk36_l32fs,ompk36_l32stop
GCA_963427835.1,oprd_g211fs,oprd_g212fs
GCA_963429555.1,oprd_g211fs,oprd_g212fs
GCA_963433005.1,oprd_g211fs,oprd_g212fs
GCA_963434775.1,oprd_g211fs,oprd_g212fs
GCA_963436835.1,nald_v42fs,nald_v42stop
GCA_963437295.1,ampd_p147fs,ampd_g148fs
GCA_963438185.1,nald_d7fs,nald_e6fs
GCA_963439195.1,nald_v42fs,nald_v42stop
GCA_963441875.1,ampd_p40fs,ampd_l40fs
GCA_963442935.1,ampd_p40fs,ampd_l40fs
GCA_963443575.1,oprd_g211fs,oprd_g212fs
GCA_963448275.1,ampd_p40fs,ampd_l40fs
GCA_963448805.1,oprd_g211fs,oprd_g212fs
GCA_963448875.1,nald_d7fs,nald_e6fs
GCA_963449625.1,nald_d7fs,nald_e6fs
GCA_963449725.1,ampd_p40fs,ampd_l40fs
GCA_963450235.1,oprd_g211fs,oprd_g212fs
GCA_963450335.1,oprd_g211fs,oprd_g212fs
GCA_963450965.1,nald_v42fs,nald_v42stop
GCA_963451325.1,nald_v42fs,nald_v42stop
GCA_963452945.1,ampd_p147fs,ampd_g148fs
GCA_963453455.1,nald_d7fs,nald_e6fs
GCA_963453505.1,nald_d7fs,nald_e6fs
GCA_963454625.1,oprd_g211fs,oprd_g212fs
GCA_963900845.1,cira_p339fs,cira_d339fs
GCA_964194145.1,ompk35_n255fs,ompk35_p255fs
GCA_964215505.1,ompk35_s301fs,ompk35_f300fs
GCA_964215515.1,ompk35_s301fs,ompk35_f300fs
GCA_964215825.1,ompk35_s301fs,ompk35_f300fs
GCA_964215845.1,ompk35_s301fs,ompk35_f300fs
GCA_964236215.1,ompk35_y76fs,ompk35_y76stop
GCA_964248795.1,ompk35_s301fs,ompk35_f300fs
